ANO;MES ;Fecha;Masculino;Femenino;Indeterminado;hora1;dia1;dias1_6;dias7_27;dias28_29;meses1_5;meses6_11;ano1;anos2_4;anos5_9;anos10_14;anos15_19;anos20_24;anos25_29;anos30_34;anos35_39;anos40_44;anos45_49;anos50_54;anos55_59;anos60_64;anos65_69;anos70_74;anos75_79;anos80_84;anos85_89;anos90_94;anos95_99;anos100;edad_desconocida1;ano2_1;anos2_2;anos2_5_14anos;anos2_15_44;anos2_45_64;anos2_65_94;edad_desconocida2;preescolar;primaria;secundaria;media;media_tecnica;normalista;tecnica;tecnologica;profesional;especializacion;maestria;doctorado;ninguno;sin_informacion;ul_vive_pareja_mas2anos;ul_vive_pareja_menos2anos;divorciado;viudo;soltero;casado;sin_informacion;Contributivo;Subsidiado;Excepcion;Especial;No_asegurado;Sin_informacion_ss;ididmasalud1;ididmasalud2;ididmasalud3;ididmasalud4;ididmasalud5;ididmasalud9;;SEXO
1998;1;1/01/1998;151;37;1;;0;0;0;0;0;0;0;0;1;4;33;34;32;13;14;12;5;10;8;3;7;3;1;3;;;;;;0;0;5;138;26;16;4;;;;;;;;;;;;;;;;;;;;;;12;24;;;;;;;;;;;;EDAD1
1998;2;1/02/1998;122;39;0;;0;0;0;0;0;0;0;0;0;5;25;26;29;16;15;11;5;7;4;4;5;1;0;0;;;;;;0;0;5;122;20;6;8;;;;;;;;;;;;;;;;;;;;;;15;18;;;;;;;;;;;;EDAD2
1998;3;1/03/1998;154;54;1;;0;0;0;0;0;0;0;0;0;10;41;45;28;19;17;10;9;10;5;4;4;2;0;1;;;;;;0;0;10;160;28;7;4;;;;;;;;;;;;;;;;;;;;;;15;16;;;;;;;;;;;;EDUCACION
1998;4;1/04/1998;124;44;0;;0;0;0;0;0;0;0;0;0;9;24;34;24;15;13;13;6;6;2;5;5;2;1;2;;;;;;0;0;9;123;19;12;5;;;;;;;;;;;;;;;;;;;;;;19;19;;;;;;;;;;;;CIVIL
1998;5;1/05/1998;138;30;0;;0;0;0;0;0;0;0;0;0;3;30;34;23;19;12;5;9;4;8;4;3;5;3;2;;;;;;0;0;3;123;25;14;3;;;;;;;;;;;;;;;;;;;;;;17;16;;;;;;;;;;;;SEG
1998;6;1/06/1998;130;41;0;;0;0;0;0;0;0;0;0;2;6;35;29;19;23;12;13;7;7;2;2;3;2;3;1;;;;;;0;0;8;131;18;10;4;;;;;;;;;;;;;;;;;;;;;;16;17;;;;;;;;;;;;IDIDMASALUD
1998;7;1/07/1998;129;39;1;;0;0;0;0;0;0;0;0;1;4;27;28;24;17;12;4;9;12;6;5;4;4;3;0;;;;;;0;0;5;112;32;12;8;;;;;;;;;;;;;;;;;;;;;;12;14;;;;;;;;;;;;OCUPACION
1998;8;1/08/1998;107;43;0;;0;0;0;0;0;0;0;0;0;5;33;22;18;11;6;13;10;3;5;6;2;5;3;2;;;;;;0;0;5;103;24;13;5;;;;;;;;;;;;;;;;;;;;;;18;13;;;;;;;;;;;;
1998;9;1/09/1998;122;43;0;;0;0;0;0;0;0;0;0;0;12;29;29;24;10;15;5;7;7;7;4;0;4;2;1;;;;;;0;0;12;112;25;11;5;;;;;;;;;;;;;;;;;;;;;;24;17;;;;;;;;;;;;
1998;10;1/10/1998;136;41;0;;0;0;0;0;0;0;0;0;0;6;30;30;27;15;18;10;4;11;5;7;3;3;2;0;;;;;;0;0;6;130;27;9;5;;;;;;;;;;;;;;;;;;;;;;17;26;;;;;;;;;;;;
1998;11;1/11/1998;131;50;1;;0;0;0;0;0;0;0;0;0;6;32;35;24;14;14;17;8;4;8;3;4;1;2;2;;;;;;0;0;6;136;23;12;5;;;;;;;;;;;;;;;;;;;;;;18;19;;;;;;;;;;;;
1998;12;1/12/1998;158;50;0;;0;0;0;0;0;0;0;0;0;9;31;39;23;32;16;12;6;9;5;5;7;4;4;1;;;;;;0;0;9;153;25;16;5;;;;;;;;;;;;;;;;;;;;;;25;38;;;;;;;;;;;;
1999;1;1/01/1999;152;40;0;;0;0;0;0;0;0;0;0;0;4;27;40;31;18;14;7;8;6;12;5;10;4;4;1;;;;;;0;0;4;137;31;20;0;;;;;;;;;;;;;;;;;;;;;;28;22;;;;;;;;;;;;
1999;2;1/02/1999;105;41;0;;0;0;0;0;0;0;0;0;1;6;20;25;22;9;12;5;12;12;4;4;3;0;4;3;;;;;;0;0;7;93;32;11;3;;;;;;;;;;;;;;;;;;;;;;22;12;;;;;;;;;;;;
1999;3;1/03/1999;148;47;1;;0;0;0;0;0;0;0;1;0;8;36;29;34;23;17;10;6;9;4;7;5;2;1;1;;;;;;0;1;8;149;26;9;3;;;;;;;;;;;;;;;;;;;;;;19;27;;;;;;;;;;;;
1999;4;1/04/1999;136;34;0;;0;0;0;0;0;0;0;0;1;1;28;29;25;15;15;9;14;4;4;8;3;3;3;2;;;;;;0;0;2;121;30;13;4;;;;;;;;;;;;;;;;;;;;;;26;21;;;;;;;;;;;;
1999;5;1/05/1999;170;42;0;;0;0;0;0;0;0;0;0;1;6;42;36;26;25;19;12;11;8;5;5;7;5;1;0;;;;;;0;0;7;160;29;14;2;;;;;;;;;;;;;;;;;;;;;;18;32;;;;;;;;;;;;
1999;6;1/06/1999;140;50;0;;0;0;0;0;0;0;0;0;0;10;30;36;26;15;15;14;11;4;4;9;3;7;2;0;;;;;;0;0;10;136;28;15;1;;;;;;;;;;;;;;;;;;;;;;21;29;;;;;;;;;;;;
1999;7;1/07/1999;136;40;0;;0;0;0;0;0;0;0;0;0;10;43;27;19;19;18;8;5;6;7;6;1;2;3;1;;;;;;0;0;10;134;24;8;0;;;;;;;;;;;;;;;;;;;;;;20;17;;;;;;;;;;;;
1999;8;1/08/1999;141;39;1;;0;0;0;0;0;0;0;0;2;6;27;30;32;20;17;8;8;8;7;6;4;3;0;2;;;;;;0;0;8;134;29;9;1;;;;;;;;;;;;;;;;;;;;;;34;28;;;;;;;;;;;;
1999;9;1/09/1999;123;42;1;;0;0;0;0;0;0;0;0;0;7;23;42;17;20;14;8;13;6;4;1;6;3;2;0;;;;;;0;0;7;124;24;11;0;;;;;;;;;;;;;;;;;;;;;;15;24;;;;;;;;;;;;
1999;10;1/10/1999;126;47;1;;0;0;0;0;0;0;0;0;1;5;22;31;21;23;16;14;8;10;5;2;5;2;2;1;;;;;;0;0;6;127;25;14;2;;;;;;;;;;;;;;;;;;;;;;26;16;;;;;;;;;;;;
1999;11;1/11/1999;135;45;0;;0;0;0;0;0;0;0;0;0;10;42;27;15;14;20;11;10;10;3;7;2;3;1;1;;;;;;0;0;10;129;30;9;2;;;;;;;;;;;;;;;;;;;;;;27;25;;;;;;;;;;;;
1999;12;1/12/1999;163;31;0;;0;0;0;0;0;0;0;0;0;3;24;36;30;16;11;15;14;7;11;5;11;6;2;3;;;;;;0;0;3;132;37;22;0;;;;;;;;;;;;;;;;;;;;;;26;23;;;;;;;;;;;;
2000;1;1/01/2000;168;43;0;;0;0;0;0;1;0;0;0;0;10;33;46;26;22;13;12;9;8;7;6;7;5;4;1;;;;;;1;0;10;152;30;18;0;;;;;;;;;;;;;;;;;;;;;;25;36;;;;;;;;;;;;
2000;2;1/02/2000;127;32;0;;0;0;0;0;0;0;0;0;0;5;17;40;23;13;10;9;13;5;5;7;5;0;2;3;;;;;;0;0;5;112;30;12;0;;;;;;;;;;;;;;;;;;;;;;22;20;;;;;;;;;;;;
2000;3;1/03/2000;155;58;0;;0;0;0;0;0;0;0;0;0;9;46;37;29;13;10;11;12;9;12;6;5;8;3;1;;;;;;0;0;9;146;39;18;1;;;;;;;;;;;;;;;;;;;;;;31;28;;;;;;;;;;;;
2000;4;1/04/2000;159;44;0;;0;0;0;0;0;0;0;0;0;6;37;42;31;14;21;9;13;8;9;1;2;3;3;3;;;;;;0;0;6;154;31;11;1;;;;;;;;;;;;;;;;;;;;;;24;19;;;;;;;;;;;;
2000;5;1/05/2000;167;52;1;;0;0;0;0;0;0;0;0;0;8;34;45;32;21;18;9;17;7;2;6;5;5;5;2;;;;;;0;0;8;159;32;18;3;;;;;;;;;;;;;;;;;;;;;;23;37;;;;;;;;;;;;
2000;6;1/06/2000;152;50;1;;0;0;0;0;0;0;0;1;0;11;33;36;36;22;5;15;11;12;4;6;2;2;3;0;;;;;;0;1;11;147;33;9;2;;;;;;;;;;;;;;;;;;;;;;28;26;;;;;;;;;;;;
2000;7;1/07/2000;159;56;0;;0;0;0;0;0;0;0;0;2;8;45;49;29;19;10;9;9;2;9;5;2;2;6;2;;;;;;0;0;10;161;25;14;5;;;;;;;;;;;;;;;;;;;;;;26;39;;;;;;;;;;;;
2000;8;1/08/2000;149;46;0;;0;0;0;0;0;0;0;0;0;7;43;31;16;21;25;11;12;8;6;6;2;1;1;2;;;;;;0;0;7;147;32;7;2;;;;;;;;;;;;;;;;;;;;;;17;27;;;;;;;;;;;;
2000;9;1/09/2000;124;39;0;;0;0;0;0;0;0;0;1;0;3;30;40;12;16;21;10;7;6;3;3;5;4;0;1;;;;;;0;1;3;129;19;10;1;;;;;;;;;;;;;;;;;;;;;;21;19;;;;;;;;;;;;
2000;10;1/10/2000;177;37;0;;0;0;0;0;0;0;0;0;0;7;30;41;27;23;21;11;21;8;7;4;4;4;2;2;;;;;;0;0;7;153;40;13;1;;;;;;;;;;;;;;;;;;;;;;27;24;;;;;;;;;;;;
2000;11;1/11/2000;153;42;0;;0;0;0;0;0;0;0;0;0;10;32;34;27;14;19;13;10;4;9;4;1;9;4;3;;;;;;0;0;10;139;27;18;1;;;;;;;;;;;;;;;;;;;;;;24;17;;;;;;;;;;;;
2000;12;1/12/2000;151;49;0;;0;0;0;0;0;0;0;0;0;9;30;44;31;17;21;12;8;10;2;9;1;2;0;1;;;;;;0;0;9;155;29;5;2;;;;;;;;;;;;;;;;;;;;;;24;32;;;;;;;;;;;;
2001;1;1/01/2001;162;47;0;;0;0;0;0;0;0;0;0;1;8;23;53;27;27;20;10;11;5;7;3;8;4;1;0;;;;;;0;0;9;160;26;13;1;;;;;;;;;;;;;;;;;;;;;;37;33;;;;;;;;;;;;
2001;2;1/02/2001;137;45;0;;0;0;0;0;0;0;0;0;0;4;28;39;27;14;17;11;8;9;6;4;4;5;4;1;;;;;;0;0;4;136;27;14;1;;;;;;;;;;;;;;;;;;;;;;24;32;;;;;;;;;;;;
2001;3;1/03/2001;165;42;0;;0;0;0;0;0;0;0;0;0;4;34;51;27;15;10;17;8;17;4;2;3;7;5;1;;;;;;0;0;4;154;31;17;1;;;;;;;;;;;;;;;;;;;;;;21;32;;;;;;;;;;;;
2001;4;1/04/2001;122;49;0;;0;0;0;0;0;0;0;0;0;5;37;31;17;18;13;9;4;7;7;2;10;3;4;1;;;;;;0;0;5;125;20;19;2;;;;;;;;;;;;;;;;;;;;;;21;22;;;;;;;;;;;;
2001;5;1/05/2001;146;55;0;;0;0;0;0;0;0;0;1;0;6;38;32;21;23;14;12;9;9;8;6;6;6;4;2;;;;;;0;1;6;140;32;21;1;;;;;;;;;;;;;;;;;;;;;;19;37;;;;;;;;;;;;
2001;6;1/06/2001;176;47;0;;0;0;0;0;0;0;0;0;0;8;32;40;31;22;20;19;10;17;4;3;8;3;4;0;;;;;;0;0;8;164;34;15;2;;;;;;;;;;;;;;;;;;;;;;39;27;;;;;;;;;;;;
2001;7;1/07/2001;149;53;0;;0;0;0;0;0;0;0;0;0;10;35;40;25;17;9;14;12;6;12;10;3;3;2;0;;;;;;0;0;10;140;40;10;2;;;;;;;;;;;;;;;;;;;;;;32;25;;;;;;;;;;;;
2001;8;1/08/2001;167;49;0;;0;0;0;0;0;0;0;0;0;3;40;43;25;25;17;12;14;11;8;5;4;3;3;1;;;;;;0;0;3;162;38;12;1;;;;;;;;;;;;;;;;;;;;;;24;19;;;;;;;;;;;;
2001;9;1/09/2001;164;40;0;;0;0;0;0;0;0;0;0;0;12;31;39;24;17;14;14;10;8;8;10;8;3;3;3;;;;;;0;0;12;139;36;17;0;;;;;;;;;;;;;;;;;;;;;;22;31;;;;;;;;;;;;
2001;10;1/10/2001;161;46;0;;0;0;0;0;0;0;0;0;0;6;42;34;32;18;14;12;12;11;9;4;7;3;0;1;;;;;;0;0;6;152;36;13;0;;;;;;;;;;;;;;;;;;;;;;29;28;;;;;;;;;;;;
2001;11;1/11/2001;134;37;0;;0;0;0;0;0;0;0;0;0;5;30;39;18;18;12;11;11;5;5;2;4;5;2;1;;;;;;0;0;5;128;23;13;2;;;;;;;;;;;;;;;;;;;;;;26;29;;;;;;;;;;;;
2001;12;1/12/2001;188;48;0;;0;0;0;0;0;0;0;0;0;8;43;50;39;18;18;9;14;6;9;9;6;1;2;2;;;;;;0;0;8;177;38;12;1;;;;;;;;;;;;;;;;;;;;;;30;50;;;;;;;;;;;;
2002;1;1/01/2002;177;37;0;;0;0;0;0;0;0;0;0;1;8;32;46;25;26;10;19;14;5;5;4;5;4;3;4;;;;;;0;0;9;158;28;16;3;;;;;;;;;;;;;;;;;;;;;;24;30;;;;;;;;;;;;
2002;2;1/02/2002;123;40;0;;0;0;0;0;0;0;0;0;0;14;34;18;26;12;8;15;10;11;2;1;7;2;0;2;;;;;;0;0;14;113;24;11;1;;;;;;;;;;;;;;;;;;;;;;30;30;;;;;;;;;;;;
2002;3;1/03/2002;149;58;0;;0;0;0;0;0;0;0;0;0;10;39;42;19;20;12;18;10;5;8;6;4;7;4;0;;;;;;0;0;10;150;29;15;3;;;;;;;;;;;;;;;;;;;;;;23;31;;;;;;;;;;;;
2002;4;1/04/2002;143;41;0;;0;0;0;0;0;0;0;0;0;15;23;45;25;20;13;8;7;10;4;5;2;4;2;1;;;;;;0;0;15;134;26;9;0;;;;;;;;;;;;;;;;;;;;;;27;31;;;;;;;;;;;;
2002;5;1/05/2002;149;39;0;;0;0;0;0;0;0;0;0;2;5;38;38;27;15;13;8;7;13;3;1;7;7;1;0;;;;;;0;0;7;139;24;16;2;;;;;;;;;;;;;;;;;;;;;;26;35;;;;;;;;;;;;
2002;6;1/06/2002;171;44;0;;0;0;0;0;0;0;0;0;1;8;32;38;32;18;17;13;10;9;11;6;3;5;4;2;;;;;;0;0;9;150;36;15;5;;;;;;;;;;;;;;;;;;;;;;31;47;;;;;;;;;;;;
2002;7;1/07/2002;139;49;0;;0;0;0;0;0;0;0;0;2;7;36;39;27;16;18;14;8;6;5;2;2;3;0;2;;;;;;0;0;9;150;21;8;0;;;;;;;;;;;;;;;;;;;;;;30;36;;;;;;;;;;;;
2002;8;1/08/2002;169;62;0;;0;0;0;0;0;0;0;0;1;10;50;46;26;22;18;13;10;7;8;6;5;4;0;2;;;;;;0;0;11;175;31;13;1;;;;;;;;;;;;;;;;;;;;;;34;37;;;;;;;;;;;;
2002;9;1/09/2002;157;50;0;;0;0;0;0;0;0;0;0;1;4;34;37;29;29;16;16;12;9;5;4;1;3;3;2;;;;;;0;0;5;161;30;10;1;;;;;;;;;;;;;;;;;;;;;;31;37;;;;;;;;;;;;
2002;10;1/10/2002;146;45;0;;0;0;0;0;0;0;0;0;0;9;36;35;20;14;19;19;10;8;5;2;4;4;3;1;;;;;;0;0;9;143;25;13;1;;;;;;;;;;;;;;;;;;;;;;33;34;;;;;;;;;;;;
2002;11;1/11/2002;130;44;0;;0;0;0;0;0;0;0;0;1;8;29;33;26;21;12;10;5;11;6;3;4;1;2;1;;;;;;0;0;9;131;25;8;1;;;;;;;;;;;;;;;;;;;;;;20;34;;;;;;;;;;;;
2002;12;1/12/2002;172;59;0;;0;0;0;0;0;0;0;0;0;9;44;41;34;22;17;17;14;12;6;4;4;1;2;3;;;;;;0;0;9;175;36;11;0;;;;;;;;;;;;;;;;;;;;;;37;45;;;;;;;;;;;;
2003;1;1/01/2003;172;52;0;;0;0;0;0;0;0;0;0;0;6;32;47;21;30;21;12;9;9;4;12;10;5;3;1;;;;;;0;0;6;163;34;20;1;;;;;;;;;;;;;;;;;;;;;;31;51;;;;;;;;;;;;
2003;2;1/02/2003;129;36;0;;0;0;0;0;0;0;0;0;0;4;31;35;19;16;13;8;10;8;9;3;3;4;1;1;;;;;;0;0;4;122;30;9;0;;;;;;;;;;;;;;;;;;;;;;34;32;;;;;;;;;;;;
2003;3;1/03/2003;139;55;0;;0;0;0;0;0;0;0;0;1;9;43;37;19;23;13;9;4;9;6;7;4;2;6;1;;;;;;0;0;10;144;26;13;1;;;;;;;;;;;;;;;;;;;;;;32;44;;;;;;;;;;;;
2003;4;1/04/2003;109;46;0;;0;0;0;0;0;0;0;0;0;3;40;24;21;17;7;10;5;5;8;5;4;3;1;0;;;;;;0;0;3;119;23;8;2;;;;;;;;;;;;;;;;;;;;;;30;29;;;;;;;;;;;;
2003;5;1/05/2003;141;57;0;;0;0;0;0;0;0;0;0;1;14;30;26;24;17;18;11;13;9;9;6;9;6;1;1;;;;;;0;0;15;126;37;19;1;;;;;;;;;;;;;;;;;;;;;;36;40;;;;;;;;;;;;
2003;6;1/06/2003;140;57;0;;0;0;0;0;0;0;0;0;0;12;37;31;23;17;15;9;15;15;4;7;3;2;5;2;;;;;;0;0;12;132;41;12;0;;;;;;;;;;;;;;;;;;;;;;28;43;;;;;;;;;;;;
2003;7;1/07/2003;143;54;0;;0;0;0;0;0;0;0;0;0;3;33;35;28;21;16;17;11;6;5;6;5;4;3;1;;;;;;0;0;3;150;28;13;3;;;;;;;;;;;;;;;;;;;;;;31;32;;;;;;;;;;;;
2003;8;1/08/2003;163;44;0;;0;0;0;0;0;0;0;0;0;2;28;48;28;23;15;16;10;6;8;9;4;5;2;0;;;;;;0;0;2;158;33;11;3;;;;;;;;;;;;;;;;;;;;;;33;41;;;;;;;;;;;;
2003;9;1/09/2003;137;49;0;;0;0;0;0;0;0;0;0;0;2;35;41;21;22;11;11;9;9;8;5;4;4;2;1;;;;;;0;0;2;141;31;12;0;;;;;;;;;;;;;;;;;;;;;;33;44;;;;;;;;;;;;
2003;10;1/10/2003;136;40;0;;0;0;0;0;0;0;0;0;0;8;23;28;14;16;14;17;14;10;8;5;6;6;3;4;;;;;;0;0;8;112;37;19;0;;;;;;;;;;;;;;;;;;;;;;30;32;;;;;;;;;;;;
2003;11;1/11/2003;146;47;2;;0;0;0;0;0;0;0;0;2;10;37;30;38;13;12;11;7;8;2;7;4;5;2;4;;;;;;0;0;12;141;24;17;1;;;;;;;;;;;;;;;;;;;;;;33;38;;;;;;;;;;;;
2003;12;1/12/2003;154;40;0;;0;0;0;0;0;0;0;0;0;5;34;22;30;18;15;18;12;9;7;7;8;3;2;1;;;;;;0;0;5;137;35;15;2;;;;;;;;;;;;;;;;;;;;;;25;43;;;;;;;;;;;;
2004;1;1/01/2004;149;38;0;;0;0;0;0;0;0;0;0;2;8;25;26;27;22;11;14;10;9;11;8;4;2;5;1;;;;;;0;0;10;125;38;14;0;;;;;;;;;;;;;;;;;;;;;;38;38;;;;;;;;;;;;
2004;2;1/02/2004;160;41;0;;0;0;0;0;0;0;0;0;1;8;37;37;20;16;15;13;9;15;6;5;6;3;4;0;;;;;;0;0;9;138;35;16;3;;;;;;;;;;;;;;;;;;;;;;32;46;;;;;;;;;;;;
2004;3;1/03/2004;131;46;0;;0;0;0;0;0;0;0;0;0;9;34;18;19;24;19;9;11;4;7;5;6;5;3;1;;;;;;0;0;9;123;27;16;2;;;;;;;;;;;;;;;;;;;;;;28;37;;;;;;;;;;;;
2004;4;1/04/2004;132;41;0;;0;0;0;0;0;0;0;0;0;6;28;34;25;16;16;13;7;3;3;3;4;8;0;3;;;;;;0;0;6;132;16;18;1;;;;;;;;;;;;;;;;;;;;;;36;31;;;;;;;;;;;;
2004;5;1/05/2004;171;52;0;;0;0;0;0;0;0;0;0;0;12;27;49;20;25;17;23;8;13;7;2;6;6;3;4;;;;;;0;0;12;161;30;19;1;;;;;;;;;;;;;;;;;;;;;;42;53;;;;;;;;;;;;
2004;6;1/06/2004;126;45;0;;0;0;0;0;0;0;0;0;0;3;29;38;17;9;9;16;12;9;6;7;1;8;3;3;;;;;;0;0;3;118;34;15;1;;;;;;;;;;;;;;;;;;;;;;25;39;;;;;;;;;;;;
2004;7;1/07/2004;142;36;0;;0;0;0;0;0;0;0;0;1;6;32;34;26;10;12;12;8;10;4;1;6;4;2;3;;;;;;0;0;7;126;23;19;3;;;;;;;;;;;;;;;;;;;;;;23;38;;;;;;;;;;;;
2004;8;1/08/2004;156;48;0;;0;0;0;0;0;0;0;0;1;4;33;30;24;21;13;14;12;10;7;11;10;2;4;2;;;;;;0;0;5;135;40;21;3;;;;;;;;;;;;;;;;;;;;;;34;41;;;;;;;;;;;;
2004;9;1/09/2004;138;34;0;;0;0;0;0;0;0;0;0;0;7;25;25;23;14;13;10;7;16;9;4;4;3;5;2;;;;;;0;0;7;110;36;17;2;;;;;;;;;;;;;;;;;;;;;;28;40;;;;;;;;;;;;
2004;10;1/10/2004;139;39;0;;0;0;0;0;0;0;0;0;1;8;25;35;20;17;10;13;16;8;4;4;7;6;0;2;;;;;;0;0;9;120;32;17;0;;;;;;;;;;;;;;;;;;;;;;32;34;;;;;;;;;;;;
2004;11;1/11/2004;142;43;0;;0;0;0;0;0;0;0;0;0;11;35;32;28;15;15;11;11;4;7;5;3;2;1;2;;;;;;0;0;11;136;27;8;3;;;;;;;;;;;;;;;;;;;;;;27;44;;;;;;;;;;;;
2004;12;1/12/2004;177;39;0;;0;0;0;0;0;0;0;0;1;8;36;44;31;19;20;9;6;6;8;7;4;7;3;4;;;;;;0;0;9;159;27;20;1;;;;;;;;;;;;;;;;;;;;;;41;42;;;;;;;;;;;;
2005;1;1/01/2005;154;42;0;;0;0;0;0;0;0;0;0;1;4;32;34;30;14;16;17;13;7;6;5;6;4;2;1;;;;;;0;0;5;143;31;16;1;;;;;;;;;;;;;;;;;;;;;;34;51;;;;;;;;;;;;
2005;2;1/02/2005;105;28;0;;0;0;0;0;0;0;0;0;0;8;21;23;9;10;13;7;11;6;3;7;4;4;3;1;;;;;;0;0;8;83;27;13;2;;;;;;;;;;;;;;;;;;;;;;22;34;;;;;;;;;;;;
2005;3;1/03/2005;158;51;0;;0;0;0;0;0;0;0;0;1;5;36;39;22;19;15;23;10;11;5;5;5;8;4;0;;;;;;0;0;6;154;31;18;0;;;;;;;;;;;;;;;;;;;;;;43;44;;;;;;;;;;;;
2005;4;1/04/2005;127;31;0;;0;0;0;0;0;0;0;0;0;6;19;43;19;16;7;10;11;6;5;11;3;0;0;1;;;;;;0;0;6;114;33;4;1;;;;;;;;;;;;;;;;;;;;;;29;40;;;;;;;;;;;;
2005;5;1/05/2005;128;44;0;;0;0;0;0;0;0;0;0;2;4;28;28;24;14;17;12;6;7;4;5;4;2;4;4;;;;;;0;0;6;123;22;18;3;;;;;;;;;;;;;;;;;;;;;;32;30;;;;;;;;;;;;
2005;6;1/06/2005;131;32;0;;0;0;0;0;0;0;0;0;1;5;26;30;23;11;9;10;9;10;8;2;6;7;2;0;;;;;;0;0;6;109;29;15;4;;;;;;;;;;;;;;;;;;;;;;38;31;;;;;;;;;;;;
2005;7;1/07/2005;149;40;0;;0;0;0;0;0;0;0;0;0;10;40;30;28;12;8;14;9;8;5;6;8;3;2;4;;;;;;0;0;10;132;28;17;2;;;;;;;;;;;;;;;;;;;;;;53;39;;;;;;;;;;;;
2005;8;1/08/2005;125;35;0;;0;0;0;0;0;0;0;0;0;6;26;28;16;12;19;13;9;8;6;7;4;2;1;1;;;;;;0;0;6;114;30;8;2;;;;;;;;;;;;;;;;;;;;;;29;33;;;;;;;;;;;;
2005;9;1/09/2005;146;40;0;;0;0;0;0;0;0;0;0;0;8;22;41;18;20;7;9;7;14;9;5;1;10;6;1;;;;;;0;0;8;117;35;24;2;;;;;;;;;;;;;;;;;;;;;;33;43;;;;;;;;;;;;
2005;10;1/10/2005;128;42;0;;0;0;0;0;0;0;0;0;1;6;31;30;20;17;14;12;11;9;6;5;3;3;2;0;;;;;;0;0;7;124;31;8;0;;;;;;;;;;;;;;;;;;;;;;31;33;;;;;;;;;;;;
2005;11;1/11/2005;140;46;0;;0;0;0;0;0;0;0;0;0;5;35;34;19;20;11;12;15;9;9;4;3;4;2;3;;;;;;0;0;5;131;37;13;0;;;;;;;;;;;;;;;;;;;;;;40;37;;;;;;;;;;;;
2005;12;1/12/2005;161;36;0;;0;0;0;0;0;0;0;0;0;7;25;41;31;21;9;13;10;9;9;7;5;3;4;2;;;;;;0;0;7;140;35;15;0;;;;;;;;;;;;;;;;;;;;;;33;55;;;;;;;;;;;;
2006;1;1/01/2006;174;39;0;;0;0;0;0;0;0;0;0;0;6;37;34;29;17;9;15;15;14;11;2;5;6;7;2;;;;;;0;0;6;141;42;24;0;;;;;;;;;;;;;;;;;;;;;;34;58;;;;;;;;;;;;
2006;2;1/02/2006;127;32;0;;0;0;0;0;0;0;0;0;0;5;25;31;23;11;9;8;10;7;9;5;7;4;3;2;;;;;;0;0;5;107;31;16;0;;;;;;;;;;;;;;;;;;;;;;22;30;;;;;;;;;;;;
2006;3;1/03/2006;135;37;0;;0;0;0;0;0;0;0;0;0;2;27;24;25;18;14;14;12;9;3;6;8;3;1;2;;;;;;0;0;2;122;30;17;1;;;;;;;;;;;;;;;;;;;;;;32;40;;;;;;;;;;;;
2006;4;1/04/2006;137;39;0;;0;0;0;0;0;0;0;0;0;9;26;26;19;29;17;9;9;8;8;3;3;1;5;2;;;;;;0;0;9;126;28;11;2;;;;;;;;;;;;;;;;;;;;;;32;48;;;;;;;;;;;;
2006;5;1/05/2006;139;42;0;;0;0;0;0;0;0;0;0;1;5;28;38;29;16;8;10;6;9;6;7;9;3;2;0;;;;;;0;0;6;129;28;16;2;;;;;;;;;;;;;;;;;;;;;;19;50;;;;;;;;;;;;
2006;6;1/06/2006;144;41;0;;0;0;0;0;0;0;0;0;0;8;25;29;31;20;20;9;7;10;3;5;5;7;4;2;;;;;;0;0;8;134;25;18;0;;;;;;;;;;;;;;;;;;;;;;34;43;;;;;;;;;;;;
2006;7;1/07/2006;151;40;0;;0;0;0;0;0;0;0;0;0;9;28;32;24;20;6;21;13;5;13;5;3;3;4;3;;;;;;0;0;9;131;36;15;0;;;;;;;;;;;;;;;;;;;;;;26;52;;;;;;;;;;;;
2006;8;1/08/2006;170;30;0;;0;0;0;0;0;0;0;0;1;4;26;34;24;16;17;16;17;11;7;5;8;5;4;2;;;;;;0;0;5;133;40;21;1;;;;;;;;;;;;;;;;;;;;;;29;43;;;;;;;;;;;;
2006;9;1/09/2006;155;44;0;;0;0;0;0;0;0;0;0;1;9;37;34;19;21;17;12;10;12;7;3;6;3;1;3;;;;;;0;0;10;140;32;17;0;;;;;;;;;;;;;;;;;;;;;;33;50;;;;;;;;;;;;
2006;10;1/10/2006;141;41;0;;0;0;0;0;0;0;0;0;0;5;29;30;28;15;18;10;12;10;4;4;3;4;4;1;;;;;;0;0;5;130;30;14;3;;;;;;;;;;;;;;;;;;;;;;34;44;;;;;;;;;;;;
2006;11;1/11/2006;111;29;0;;0;0;0;0;0;0;0;0;0;13;17;23;17;13;7;15;8;8;4;7;3;3;2;0;;;;;;0;0;13;92;27;8;0;;;;;;;;;;;;;;;;;;;;;;22;37;;;;;;;;;;;;
2006;12;1/12/2006;143;47;0;;0;0;0;0;0;0;0;0;1;7;34;44;22;18;8;12;13;7;6;3;4;2;5;0;;;;;;0;0;8;138;29;13;2;;;;;;;;;;;;;;;;;;;;;;34;48;;;;;;;;;;;;
2007;1;1/01/2007;156;49;0;;0;0;0;0;0;0;0;0;1;7;36;25;28;15;14;16;13;12;8;5;9;5;4;4;;;;;;0;0;8;134;38;24;1;;;;;;;;;;;;;;;;;;;;;;30;64;;;;;;;;;;;;
2007;2;1/02/2007;135;35;0;;0;0;0;0;0;0;0;1;0;5;19;31;23;28;10;15;6;9;7;3;5;1;5;1;;;;;;0;1;5;126;25;12;1;;;;;;;;;;;;;;;;;;;;;;28;40;;;;;;;;;;;;
2007;3;1/03/2007;136;29;0;;0;0;0;0;0;0;0;0;0;5;26;33;26;13;6;13;10;6;6;5;4;5;3;2;;;;;;0;0;5;117;27;14;2;;;;;;;;;;;;;;;;;;;;;;22;48;;;;;;;;;;;;
2007;4;1/04/2007;128;39;0;;0;0;0;0;0;0;0;0;0;4;25;33;20;15;13;16;9;12;5;4;2;3;3;1;;;;;;0;0;4;122;30;11;0;;;;;;;;;;;;;;;;;;;;;;30;40;;;;;;;;;;;;
2007;5;1/05/2007;181;39;1;;0;0;0;0;0;0;0;0;0;6;29;30;37;23;20;11;20;10;9;5;6;5;7;2;;;;;;0;0;6;150;44;21;0;;;;;;;;;;;;;;;;;;;;;;51;55;;;;;;;;;;;;
2007;6;1/06/2007;129;44;0;;0;0;0;0;0;0;0;0;0;7;26;30;21;23;14;15;6;8;6;4;2;3;4;0;;;;;;0;0;7;129;24;12;1;;;;;;;;;;;;;;;;;;;;;;28;51;;;;;;;;;;;;
2007;7;1/07/2007;152;36;0;;0;0;0;0;0;0;0;0;0;6;31;30;22;20;17;12;4;8;6;7;9;6;5;3;;;;;;0;0;6;132;25;24;1;;;;;;;;;;;;;;;;;;;;;;26;57;;;;;;;;;;;;
2007;8;1/08/2007;118;39;0;;0;0;0;0;0;0;0;0;1;6;38;24;19;12;12;9;6;8;6;4;3;5;1;1;;;;;;0;0;7;114;24;11;1;;;;;;;;;;;;;;;;;;;;;;26;46;;;;;;;;;;;;
2007;9;1/09/2007;150;41;0;;0;0;0;0;0;0;0;0;0;5;26;39;27;13;22;3;11;10;5;10;4;9;4;1;;;;;;0;0;5;130;36;20;0;;;;;;;;;;;;;;;;;;;;;;39;57;;;;;;;;;;;;
2007;10;1/10/2007;139;45;0;;0;0;0;0;0;0;0;0;0;14;29;26;33;16;11;11;8;11;2;7;7;7;1;1;;;;;;0;0;14;126;28;16;0;;;;;;;;;;;;;;;;;;;;;;35;68;;;;;;;;;;;;
2007;11;1/11/2007;147;27;0;;0;0;0;0;0;0;0;0;0;5;25;34;27;13;18;9;6;9;6;6;5;6;0;2;;;;;;0;0;5;126;27;13;3;;;;;;;;;;;;;;;;;;;;;;27;47;;;;;;;;;;;;
2007;12;1/12/2007;179;35;0;;0;0;0;0;0;0;0;0;1;5;27;32;24;21;25;19;19;12;9;4;5;8;2;1;;;;;;0;0;6;148;44;16;0;;;;;;;;;;;;;;;;;;;;;;47;54;;;;;;;;;;;;
2008;1;1/01/2008;172;40;0;0;0;0;0;0;0;0;0;0;0;8;31;40;23;23;16;10;15;13;7;6;8;6;3;1;0;0;0;0;2;0;0;8;143;41;18;2;1;59;27;29;0;0;0;0;7;0;0;0;12;77;28;17;5;5;93;33;31;40;67;2;2;31;70;20;67;0;2;2;90;;
2008;2;1/02/2008;141;29;0;0;0;0;0;0;0;0;0;0;0;11;20;22;18;17;18;15;12;7;5;10;6;4;2;0;1;0;1;0;1;0;0;11;110;34;14;1;0;48;22;23;0;0;0;0;9;0;0;0;10;58;12;12;7;5;82;33;19;42;41;0;0;45;42;24;41;0;0;0;60;;
2008;3;1/03/2008;149;43;0;0;0;0;0;0;0;0;0;0;1;3;30;31;21;26;14;6;16;9;11;2;4;8;5;2;2;0;0;0;1;0;0;4;128;38;21;1;0;52;31;29;0;0;0;0;15;0;0;0;9;56;26;19;7;4;81;37;18;43;58;2;0;36;53;28;58;0;0;2;68;;
2008;4;1/04/2008;117;40;0;0;0;0;0;0;0;0;0;0;1;7;23;28;14;12;14;13;11;7;8;6;4;2;3;1;1;0;0;0;2;0;0;8;104;32;11;2;0;44;26;25;0;0;1;1;5;1;0;0;3;51;21;10;5;6;68;27;20;38;45;6;2;22;44;27;45;0;2;6;55;;
2008;5;1/05/2008;138;41;0;0;0;0;0;0;0;0;0;0;0;7;21;35;22;24;13;14;8;11;4;7;2;2;5;1;1;0;0;0;2;0;0;7;129;30;11;2;3;57;33;21;1;0;1;0;4;0;0;0;7;52;28;17;6;4;85;25;14;33;63;3;1;34;45;21;63;0;1;3;57;;
2008;6;1/06/2008;144;34;0;0;0;0;0;0;0;0;0;0;0;8;24;32;23;20;11;17;18;5;5;7;3;3;2;0;0;0;0;0;0;0;0;8;127;35;8;0;0;55;24;25;0;0;1;0;10;0;0;0;8;55;23;14;8;2;87;24;20;31;44;6;2;51;44;21;44;0;2;6;54;;
2008;7;1/07/2008;146;42;0;0;0;0;0;0;0;0;0;0;0;2;23;36;20;16;18;13;12;10;12;10;5;7;2;1;1;0;0;0;0;0;0;2;126;44;16;0;1;58;32;17;0;1;0;0;10;0;0;0;6;63;25;11;8;7;80;38;19;39;55;5;0;50;39;24;55;0;0;5;54;;
2008;8;1/08/2008;178;38;0;0;0;0;0;0;0;0;0;0;0;6;33;35;36;25;22;15;13;7;4;5;1;2;8;2;1;0;0;0;1;0;0;6;166;29;14;1;0;46;35;36;2;0;0;2;12;0;0;0;7;76;31;13;12;2;100;34;24;47;66;4;0;47;52;39;66;0;0;4;60;;
2008;9;1/09/2008;154;31;0;0;0;0;0;0;0;0;0;0;0;11;21;28;20;19;17;12;8;13;7;5;7;11;2;3;1;0;0;0;0;0;0;11;117;33;24;0;0;52;28;27;0;0;0;2;10;0;0;0;9;57;28;13;10;8;72;27;27;43;63;1;1;36;41;34;63;0;1;1;50;;
2008;10;1/10/2008;145;41;0;0;0;0;0;0;0;0;0;0;0;8;31;24;24;13;14;10;17;10;7;8;3;2;6;5;1;1;0;0;2;0;0;8;116;42;18;2;2;59;28;26;0;0;1;0;8;0;0;0;8;54;28;9;3;7;82;36;21;42;49;6;1;48;40;34;49;0;1;6;48;;
2008;11;1/11/2008;141;43;0;0;0;0;0;0;0;0;0;0;0;12;25;30;26;16;11;13;5;11;11;9;4;5;3;1;0;0;0;0;2;0;0;12;121;36;13;2;0;54;24;22;1;0;1;1;8;0;0;0;7;66;27;10;5;7;87;29;19;38;52;7;0;52;35;33;52;0;0;7;40;;
2008;12;1/12/2008;158;29;0;0;0;0;0;0;0;0;0;0;0;5;32;30;28;16;22;9;9;8;9;2;7;4;3;2;0;0;0;0;1;0;0;5;137;28;16;1;0;45;28;25;1;0;1;2;6;0;0;0;8;71;24;15;12;3;85;27;21;36;54;5;0;54;38;30;54;0;0;5;44;;
2009;1;1/01/2009;168;38;0;0;0;0;0;0;0;0;0;0;0;7;28;35;27;17;15;16;16;9;12;7;7;2;6;0;0;1;0;0;1;0;0;7;138;44;16;1;0;62;22;32;2;0;0;0;10;0;0;0;9;69;30;12;8;7;85;34;30;42;64;6;3;51;40;34;64;0;3;6;48;;
2009;2;1/02/2009;140;27;0;0;0;0;0;0;0;0;0;0;0;4;20;22;22;17;14;9;9;11;12;9;2;7;5;3;0;0;1;0;0;0;0;4;104;41;18;0;0;56;14;28;0;0;0;2;11;0;0;0;9;47;33;13;13;6;63;27;12;32;53;3;3;43;33;27;53;0;3;3;38;;
2009;3;1/03/2009;146;49;0;0;0;0;0;0;0;0;0;0;0;6;34;25;23;20;20;7;9;11;11;8;6;6;3;0;1;0;1;0;4;0;0;6;129;39;17;4;0;63;22;27;0;1;0;1;11;0;0;0;8;62;44;8;10;3;73;33;24;45;56;5;1;61;27;37;56;0;1;5;35;;
2009;4;1/04/2009;143;41;0;0;0;0;0;0;0;0;0;0;0;13;24;35;25;13;18;9;12;6;5;4;2;8;4;4;0;0;0;0;2;0;0;13;124;27;18;2;0;52;28;18;1;0;3;1;11;1;0;1;6;62;26;9;7;4;92;24;22;32;68;3;0;49;32;29;68;1;0;3;34;;
2009;5;1/05/2009;165;46;0;0;0;0;0;0;0;0;0;0;1;10;27;38;23;22;11;10;20;14;8;10;10;5;1;1;0;0;0;0;0;0;0;11;131;52;17;0;0;62;29;27;2;0;2;3;9;1;0;0;4;72;32;14;8;5;88;35;29;40;63;6;1;58;43;37;63;0;1;6;46;;
2009;6;1/06/2009;172;40;0;0;0;0;0;0;0;0;0;0;0;6;25;51;28;25;17;13;12;10;3;6;6;2;4;0;2;2;0;0;0;0;0;6;159;31;16;0;0;54;30;24;3;0;2;0;10;0;0;0;5;84;31;9;9;10;98;30;25;32;79;8;2;55;36;28;79;0;2;8;40;;
2009;7;1/07/2009;118;35;0;0;0;0;0;0;0;0;0;0;0;5;25;20;19;16;16;5;16;4;12;6;3;1;2;2;1;0;0;0;0;0;0;5;101;38;9;0;0;48;27;16;1;0;0;1;4;1;0;0;5;50;19;12;8;6;68;21;19;17;52;7;0;51;26;16;52;0;0;7;27;;
2009;8;1/08/2009;151;30;0;0;0;0;0;0;0;0;0;0;0;3;24;22;23;22;10;23;11;13;8;5;6;2;2;4;2;0;0;0;1;0;0;3;124;37;16;1;1;55;21;19;2;0;1;1;5;0;1;0;4;71;35;7;10;5;57;35;32;27;58;5;0;49;42;25;58;0;0;5;44;;
2009;9;1/09/2009;160;43;0;0;0;0;0;0;0;0;0;0;0;10;29;35;26;8;12;21;11;9;13;3;10;8;4;2;1;1;0;0;0;0;0;10;131;36;26;0;0;59;39;27;0;0;0;3;9;0;0;0;8;58;30;9;9;8;87;39;21;38;88;5;1;41;30;37;88;0;1;5;31;;
2009;10;1/10/2009;132;34;0;0;0;0;0;0;0;0;0;0;0;4;25;29;13;13;16;12;11;12;10;5;7;4;3;1;1;0;0;0;0;0;0;4;108;38;16;0;0;45;17;28;0;0;1;0;12;0;0;0;7;56;29;7;9;2;66;34;19;39;51;4;1;41;30;36;51;1;1;4;32;;
2009;11;1/11/2009;149;28;0;0;0;0;0;0;0;0;0;0;0;8;29;26;19;22;15;15;14;7;7;3;4;3;3;1;0;0;0;0;1;0;0;8;126;31;11;1;0;50;25;21;1;0;0;1;6;1;0;0;12;60;34;11;10;6;76;19;21;25;59;3;0;53;37;23;59;1;0;3;38;;
2009;12;1/12/2009;169;37;0;0;0;0;0;0;0;0;0;0;0;9;29;31;35;21;19;20;9;5;7;7;4;3;4;1;1;0;0;0;1;0;0;9;155;28;13;1;0;57;38;26;0;0;3;0;6;0;0;0;8;68;43;9;11;1;95;29;18;20;92;2;1;59;32;20;92;0;1;2;32;;
2010;1;1/01/2010;155;37;0;0;0;0;0;0;0;0;0;0;1;6;30;27;30;19;17;7;17;12;6;6;4;6;3;1;0;0;0;0;0;0;0;7;130;41;14;0;0;70;27;17;1;0;3;2;4;0;0;0;9;59;35;13;8;0;74;43;19;31;72;3;0;53;33;28;72;0;0;3;36;;
2010;2;1/02/2010;112;22;0;0;0;0;0;0;0;0;0;0;0;6;10;22;18;19;18;10;7;6;5;3;4;2;2;2;0;0;0;0;0;0;0;6;97;21;10;0;0;35;21;18;0;0;0;3;7;2;0;0;8;40;30;5;7;1;49;25;17;24;42;2;2;41;23;24;42;0;2;2;23;;
2010;3;1/03/2010;143;30;0;0;0;0;0;0;0;0;0;0;0;4;32;16;23;13;11;12;18;10;8;4;8;3;5;2;3;0;0;0;1;0;0;4;107;40;21;1;0;56;25;20;0;0;1;1;3;0;0;0;6;61;41;7;11;3;64;27;20;29;64;3;1;38;38;26;64;0;1;3;41;;
2010;4;1/04/2010;143;45;0;0;0;0;0;0;0;0;0;0;0;7;25;32;26;19;11;20;11;7;6;6;3;4;3;4;1;1;1;0;1;0;0;7;133;30;17;1;0;45;34;24;1;1;4;0;8;1;0;0;9;61;32;9;10;9;83;23;22;40;66;8;2;42;30;39;66;0;2;8;31;;
2010;5;1/05/2010;158;41;0;0;0;0;0;0;0;0;0;0;1;8;29;38;24;25;13;7;13;7;7;9;3;7;1;2;1;1;0;0;3;0;0;9;136;36;15;3;1;51;30;18;3;1;2;3;8;0;0;0;5;77;26;10;6;4;87;37;29;37;62;10;1;45;44;35;62;0;1;10;46;;
2010;6;1/06/2010;156;26;0;0;0;0;0;0;0;0;0;0;0;3;32;32;27;16;9;14;11;11;6;7;3;3;2;2;1;0;0;0;3;0;0;3;130;35;11;3;0;51;23;25;3;0;0;2;5;1;1;0;6;65;31;5;9;4;89;20;24;36;54;7;0;52;33;35;54;0;0;7;34;;
2010;7;1/07/2010;152;35;0;0;0;0;0;0;0;0;0;0;0;5;33;24;18;22;16;8;15;15;13;7;3;5;2;1;0;0;0;0;0;0;0;5;121;50;11;0;1;51;29;28;1;0;3;0;8;0;0;0;7;59;37;1;9;6;82;33;19;36;59;2;1;53;36;36;59;0;1;2;36;;
2010;8;1/08/2010;137;41;0;0;0;0;0;0;0;0;0;0;0;11;35;29;23;15;11;4;16;13;6;2;3;4;4;1;0;0;1;0;0;0;0;11;117;37;13;0;0;52;24;21;2;0;2;1;11;0;0;0;4;61;29;9;8;5;80;24;23;34;61;4;0;47;32;34;61;0;0;4;32;;
2010;9;1/09/2010;144;28;0;0;0;0;0;0;0;0;0;0;0;3;21;39;17;22;11;9;9;13;7;3;5;3;3;4;1;1;0;0;1;0;0;3;119;32;17;1;0;51;27;21;1;0;2;2;9;1;0;0;5;53;35;11;9;8;60;20;29;37;52;7;0;44;32;37;52;0;0;7;32;;
2010;10;1/10/2010;141;32;0;0;0;0;0;0;0;0;0;0;3;6;22;32;28;18;10;9;13;7;6;9;2;4;2;0;0;1;0;0;1;0;0;9;119;35;9;1;0;38;32;25;3;0;1;2;7;0;0;0;7;58;34;7;3;3;87;15;24;28;60;4;1;42;38;26;60;0;1;4;40;;
2010;11;1/11/2010;127;25;0;0;0;0;0;0;0;0;0;0;0;12;17;26;27;10;12;9;1;12;4;3;6;4;4;3;1;0;0;0;1;0;0;12;101;20;18;1;1;43;19;21;2;0;1;1;6;0;0;0;8;50;21;5;7;3;73;23;20;28;54;3;1;43;23;28;54;0;1;3;23;;
2010;12;1/12/2010;152;36;0;0;0;0;0;0;0;0;0;0;0;4;35;29;32;23;17;12;8;6;3;8;4;4;0;3;0;0;0;0;0;0;0;4;148;25;11;0;0;49;44;13;2;1;4;0;5;0;0;0;8;62;43;10;6;2;85;20;22;35;63;5;1;51;33;35;63;0;1;5;33;;
2011;1;1/01/2011;157;38;0;0;0;0;0;0;0;0;1;0;2;10;27;17;31;12;15;13;14;16;7;10;5;2;2;3;2;3;0;0;3;0;1;12;115;47;17;3;1;62;31;16;1;0;0;1;10;1;1;0;6;65;36;5;6;4;81;32;31;39;75;7;1;43;30;38;75;1;1;7;30;;
2011;2;1/02/2011;122;29;0;0;0;0;0;0;0;0;0;0;0;5;15;25;23;13;9;11;10;8;9;3;7;5;2;3;2;0;0;0;1;0;0;5;96;30;19;1;0;31;25;19;0;1;3;1;5;0;1;0;9;56;29;3;5;2;62;24;26;21;53;6;0;43;28;21;53;0;0;6;28;;
2011;3;1/03/2011;128;32;0;0;0;0;0;0;0;0;0;0;0;3;25;24;16;21;13;16;9;8;7;4;6;4;1;1;1;0;1;0;0;0;0;3;115;28;14;0;0;48;37;12;0;0;1;6;8;0;0;0;6;42;28;9;10;5;66;29;13;28;68;4;0;39;21;28;68;0;0;4;21;;
2011;4;1/04/2011;139;23;0;0;0;0;0;0;0;0;0;0;0;6;19;27;21;11;15;10;18;9;6;2;5;6;3;3;0;0;1;0;0;0;0;6;103;35;18;0;0;47;33;17;2;0;2;0;2;0;0;0;6;53;38;6;9;2;65;25;17;26;62;7;0;48;19;26;62;0;0;7;19;;
2011;5;1/05/2011;147;35;0;0;0;0;0;0;0;0;0;0;0;6;21;35;18;15;16;13;15;15;12;3;3;5;0;4;1;0;0;0;0;0;0;6;118;45;13;0;0;46;29;25;2;0;3;2;10;1;0;0;8;56;26;7;4;3;84;37;21;37;58;5;3;52;27;37;58;0;3;5;27;;
2011;6;1/06/2011;142;33;0;0;0;0;0;0;0;0;0;0;0;6;22;23;27;9;11;18;20;7;13;5;4;3;1;4;0;0;0;0;2;0;0;6;110;45;12;2;1;50;27;17;1;0;3;0;5;0;0;0;8;63;34;9;13;5;65;24;25;29;64;4;2;43;33;29;64;0;2;4;33;;
2011;7;1/07/2011;132;29;0;0;0;0;0;0;0;0;0;0;0;4;22;27;26;16;6;7;9;13;9;6;3;3;5;2;2;1;0;0;0;0;0;4;104;37;16;0;1;46;22;27;0;0;0;0;6;0;0;0;5;54;23;9;4;3;78;26;18;35;64;6;0;35;21;35;64;0;0;6;21;;
2011;8;1/08/2011;137;32;0;0;0;0;0;0;0;0;0;0;0;5;29;36;25;7;17;14;10;10;5;2;1;4;2;2;0;0;0;0;0;0;0;5;128;27;9;0;0;43;22;24;2;0;2;2;11;0;0;0;2;61;32;6;8;2;75;18;28;35;56;7;1;34;36;35;56;0;1;7;36;;
2011;9;1/09/2011;144;24;0;0;0;0;0;0;0;0;0;0;0;5;12;21;21;18;17;17;14;8;13;7;7;4;1;1;1;0;0;0;1;0;0;5;106;42;14;1;1;46;19;20;0;0;1;1;12;1;1;0;6;60;34;3;10;7;64;28;22;44;53;10;2;32;27;44;53;0;2;10;27;;
2011;10;1/10/2011;127;40;0;0;0;0;0;0;0;0;0;0;0;9;36;36;18;12;13;13;5;11;3;4;2;2;1;0;0;1;0;0;1;0;0;9;128;23;6;1;0;47;30;27;0;0;1;2;9;1;0;0;2;48;25;0;0;1;100;22;19;38;62;7;1;38;21;38;62;0;1;7;21;;
2011;11;1/11/2011;135;29;0;0;0;0;0;0;0;0;0;0;2;4;21;31;22;18;13;12;8;11;9;7;4;1;1;0;0;0;0;0;0;0;0;6;117;35;6;0;1;43;29;23;2;1;0;1;7;1;0;0;6;50;28;8;8;3;71;25;21;31;64;11;0;39;19;31;64;0;0;11;19;;
2011;12;1/12/2011;159;40;0;0;0;0;0;0;0;0;0;0;1;7;20;38;28;23;12;19;10;7;7;9;4;8;1;3;2;0;0;0;0;0;0;8;140;33;18;0;0;79;24;28;1;0;3;3;6;0;0;0;3;52;47;11;6;1;78;31;25;37;92;8;1;41;20;37;92;0;1;8;20;;
2012;1;1/01/2012;140;39;0;0;0;0;0;0;0;0;0;0;0;4;25;31;26;20;12;17;8;9;10;3;6;2;2;2;1;0;0;0;1;0;0;4;131;30;13;1;1;57;30;20;4;0;1;3;8;1;0;0;8;46;34;5;10;4;85;25;16;33;86;5;0;33;22;33;86;0;0;5;22;;
2012;2;1/02/2012;142;33;0;0;0;0;0;0;0;0;0;0;0;8;19;32;24;19;15;8;11;5;10;5;7;5;4;0;2;1;0;0;0;0;0;8;117;31;19;0;0;39;26;21;2;0;1;3;3;1;1;0;9;69;30;8;6;6;72;18;35;39;69;5;1;34;27;39;69;0;1;5;27;;
2012;3;1/03/2012;138;31;0;0;0;0;0;0;0;0;0;0;1;2;22;36;25;17;10;12;14;12;3;4;3;2;4;2;0;0;0;0;0;0;0;3;122;33;11;0;1;50;21;27;3;0;2;5;8;0;0;0;6;46;38;9;15;5;65;22;15;53;70;5;1;23;17;53;70;0;1;5;17;;
2012;4;1/04/2012;132;28;0;0;0;0;0;0;0;0;1;0;0;8;32;30;15;20;9;6;10;5;4;5;3;7;1;2;2;0;0;0;0;0;1;8;112;24;15;0;0;34;30;25;0;0;0;2;6;0;0;0;6;57;26;7;7;2;78;15;25;30;61;7;0;39;22;30;61;0;0;7;22;;
2012;5;1/05/2012;143;28;0;0;0;0;0;0;0;0;0;0;0;8;23;27;27;21;3;14;15;5;6;6;5;7;1;1;0;1;0;0;1;0;0;8;115;32;15;1;0;43;27;28;2;0;2;0;3;0;0;0;6;60;24;5;8;3;83;33;15;49;79;4;0;18;21;48;79;0;0;4;22;;
2012;6;1/06/2012;139;29;0;0;0;0;0;0;0;0;0;0;0;6;22;27;22;12;18;13;10;5;13;7;4;5;1;2;0;1;0;0;0;0;0;6;114;35;13;0;0;53;26;18;2;0;0;2;6;0;0;0;5;56;32;7;13;3;74;21;18;40;66;5;1;38;17;39;66;0;1;5;17;;
2012;7;1/07/2012;172;37;0;0;0;0;0;0;0;0;0;0;2;6;26;38;35;13;17;8;9;14;14;9;6;7;2;2;1;0;0;0;0;0;0;8;137;46;18;0;3;45;31;27;3;0;1;4;11;0;0;0;4;80;27;5;8;4;103;26;36;41;91;1;0;38;38;41;90;0;0;1;38;;
2012;8;1/08/2012;141;35;0;0;0;0;0;0;0;0;0;0;0;5;28;28;22;26;13;11;10;5;6;8;3;3;3;2;2;0;0;0;1;0;0;5;128;29;13;1;0;37;34;21;3;1;1;1;6;0;0;0;8;64;40;6;12;3;80;14;21;40;54;10;3;36;33;40;54;0;3;10;33;;
2012;9;1/09/2012;168;33;0;0;0;0;0;0;0;0;0;1;0;9;20;33;15;16;20;16;14;10;12;10;4;6;6;3;3;1;0;0;2;0;1;9;120;46;23;2;2;54;33;17;0;0;3;0;9;0;0;0;13;70;39;3;9;5;86;35;24;47;80;7;0;40;27;47;79;0;0;7;27;;
2012;10;1/10/2012;127;32;1;0;0;0;0;0;0;0;0;0;1;5;21;31;15;13;12;11;10;8;10;6;5;5;3;2;0;0;0;0;2;0;0;6;103;34;15;2;1;43;17;17;1;0;3;1;8;0;0;0;11;58;34;2;8;3;71;23;19;38;57;5;0;43;17;38;57;0;0;5;17;;
2012;11;1/11/2012;164;30;0;0;0;0;0;0;0;0;0;0;1;7;24;25;24;16;9;15;8;12;16;11;6;8;5;4;2;0;0;0;1;0;0;8;113;47;25;1;0;47;28;26;0;1;2;0;10;0;0;0;8;72;36;8;6;7;74;34;29;45;76;9;1;36;27;45;76;0;1;9;27;;
2012;12;1/12/2012;138;31;0;0;0;0;0;0;0;0;0;0;0;6;21;16;20;23;22;13;14;10;4;8;2;6;4;0;0;0;0;0;0;0;0;6;115;36;12;0;0;44;27;18;0;1;1;1;6;0;0;0;5;66;41;8;13;0;56;33;18;38;62;3;0;42;24;38;62;0;0;3;24;;
2013;1;1/01/2013;174;50;0;0;0;0;0;0;0;0;0;0;0;8;36;31;25;22;18;8;14;12;13;10;11;7;2;2;3;2;0;0;0;0;0;8;140;49;27;0;1;63;31;29;3;0;1;1;5;1;0;0;9;80;43;8;6;8;99;34;26;47;82;5;1;60;29;47;82;0;1;5;29;;
2013;2;1/02/2013;108;25;0;0;0;0;0;0;0;0;0;0;1;2;17;16;20;16;9;6;5;14;3;11;7;4;0;2;0;0;0;0;0;0;0;3;84;33;13;0;2;24;18;17;3;0;1;0;10;0;0;0;2;56;28;1;6;2;55;17;24;19;55;4;0;35;20;19;55;0;0;4;20;;
2013;3;1/03/2013;137;34;0;0;0;0;0;0;0;0;0;0;0;6;17;27;27;17;11;16;11;13;7;2;6;5;2;1;1;0;0;0;2;0;0;6;115;33;15;2;0;51;27;29;1;0;1;1;4;1;0;0;6;50;35;8;8;4;75;22;19;36;66;6;0;37;26;36;66;0;0;6;26;;
2013;4;1/04/2013;151;28;0;0;0;0;0;0;0;0;0;0;0;6;14;36;16;23;13;15;11;15;8;11;4;4;2;1;0;0;0;0;0;0;0;6;117;45;11;0;1;44;23;21;2;0;4;1;7;0;0;1;1;74;31;6;9;2;73;24;34;22;71;7;2;39;38;22;71;0;2;7;38;;
2013;5;1/05/2013;142;36;0;0;0;0;0;0;0;0;0;0;0;7;25;25;21;20;17;11;13;9;8;6;4;4;4;1;1;1;0;0;1;0;0;7;119;36;15;1;0;52;31;19;3;0;1;1;8;0;0;0;4;59;38;6;5;4;73;28;24;39;70;4;0;39;26;37;70;0;0;4;28;;
2013;6;1/06/2013;146;35;0;0;0;0;0;0;0;0;0;0;1;4;28;26;24;18;11;11;10;13;8;7;10;5;1;2;1;1;0;0;0;0;0;5;118;38;20;0;0;40;33;22;3;0;2;3;9;0;0;0;6;63;40;2;10;5;79;27;18;41;72;5;1;32;30;41;72;0;1;5;30;;
2013;7;1/07/2013;146;34;0;0;0;0;0;0;0;0;0;0;0;8;24;33;21;15;12;8;12;13;7;12;3;5;3;2;2;0;0;0;0;0;0;8;113;44;15;0;0;58;28;17;1;0;1;0;7;0;0;0;6;62;34;8;9;6;75;16;32;37;67;8;0;35;33;37;67;0;0;8;33;;
2013;8;1/08/2013;121;23;0;0;0;0;0;0;0;0;0;0;1;7;15;28;14;14;7;10;10;5;13;2;10;2;3;2;1;0;0;0;0;0;0;8;88;30;18;0;1;46;27;13;0;0;0;4;3;0;0;0;2;48;24;4;8;5;58;27;18;35;54;7;1;26;21;35;54;0;1;7;21;;
2013;9;1/09/2013;144;19;0;0;0;0;0;0;0;0;0;0;0;11;19;30;20;18;9;9;8;7;11;7;4;1;3;5;0;0;0;0;1;0;0;11;105;33;13;1;1;53;14;26;1;0;0;0;8;0;0;0;5;55;32;7;6;4;76;19;19;36;67;7;0;27;26;36;67;0;0;7;26;;
2013;10;1/10/2013;137;42;0;0;0;0;0;0;0;0;0;0;0;3;28;23;19;14;12;17;18;10;8;7;5;6;3;3;1;1;0;0;1;0;0;3;113;43;19;1;1;43;27;23;2;0;3;4;9;1;0;0;8;58;28;6;5;6;82;31;21;37;69;5;0;34;34;37;69;0;0;5;34;;
2013;11;1/11/2013;120;31;1;0;0;0;0;0;0;0;0;0;0;5;17;29;19;10;14;9;17;8;7;4;0;4;4;0;3;0;1;0;1;0;0;5;98;36;12;1;1;39;23;20;1;0;3;0;4;1;0;0;8;52;28;2;10;4;63;19;26;35;66;1;0;29;21;35;66;0;0;1;21;;
2013;12;1/12/2013;116;42;0;0;0;0;0;0;0;0;0;0;0;7;21;19;22;19;15;12;12;10;8;2;1;3;3;2;0;1;0;0;1;0;0;7;108;32;10;1;2;44;24;25;0;0;1;2;3;0;0;0;8;49;38;7;5;2;63;25;18;36;70;5;0;26;21;35;70;0;0;5;22;;
2014;1;1/01/2014;161;29;0;0;0;0;0;0;0;0;0;0;0;4;23;26;26;22;13;8;18;10;14;9;4;6;2;3;1;0;0;0;1;0;0;4;118;51;16;1;0;59;33;23;2;0;2;0;7;0;0;0;9;55;41;6;14;3;76;26;24;31;88;7;0;30;34;30;88;0;0;7;35;;
2014;2;1/02/2014;142;37;0;0;0;0;0;0;0;0;0;0;0;10;20;33;21;10;15;9;16;13;9;8;4;4;2;2;2;0;0;0;1;0;0;10;108;46;14;1;0;52;18;24;1;0;1;0;10;1;0;0;5;67;38;3;16;7;66;26;23;36;67;5;2;31;38;35;67;0;2;5;39;;
2014;3;1/03/2014;133;17;0;0;0;0;0;0;0;0;0;0;1;4;20;29;22;16;7;10;14;5;3;3;3;2;2;4;3;0;0;0;2;0;0;5;104;25;14;2;0;38;19;19;1;0;1;1;5;0;0;0;3;63;30;7;7;1;64;13;28;30;56;3;1;25;35;30;56;0;1;3;35;;
2014;4;1/04/2014;138;29;0;0;0;0;0;0;0;0;0;0;0;4;15;25;26;14;18;11;10;8;10;4;10;6;2;2;2;0;0;0;0;0;0;4;109;32;22;0;1;44;22;19;1;0;2;0;9;0;0;0;6;63;33;4;8;3;65;23;31;41;64;4;0;26;32;41;64;0;0;4;32;;
2014;5;1/05/2014;149;31;0;0;0;0;0;0;0;0;0;0;0;4;30;26;21;18;14;14;10;10;8;7;6;3;7;2;0;0;0;0;0;0;0;4;123;35;18;0;0;36;29;26;2;0;1;0;7;0;0;0;9;70;34;2;11;5;74;28;26;41;72;3;1;32;31;41;72;0;1;3;31;;
2014;6;1/06/2014;146;34;0;0;0;0;0;0;0;0;0;0;0;3;23;24;26;13;17;11;5;17;11;11;7;5;1;1;2;0;0;0;3;0;0;3;114;44;16;3;0;45;33;23;1;0;2;0;8;0;0;0;5;63;40;4;6;8;72;26;24;39;71;7;2;25;36;39;71;0;2;7;36;;
2014;7;1/07/2014;141;30;0;0;0;0;0;0;0;0;0;0;0;6;19;21;19;19;11;9;10;15;10;7;6;6;7;3;1;1;0;0;1;0;0;6;98;42;24;1;0;48;18;24;1;0;2;1;7;0;0;0;6;64;43;4;8;3;59;29;25;32;84;3;1;17;34;32;84;0;1;3;34;;
2014;8;1/08/2014;136;31;0;0;0;0;0;0;0;0;0;0;0;2;21;26;23;19;8;18;9;8;17;4;6;2;2;2;0;0;0;0;0;0;0;2;115;38;12;0;1;44;23;21;1;1;0;1;12;1;1;0;6;55;36;4;2;6;74;20;25;39;60;4;1;30;33;38;60;1;1;4;33;;
2014;9;1/09/2014;136;36;0;0;0;0;0;0;0;0;0;0;0;4;34;27;17;9;15;13;11;6;12;10;4;4;5;0;0;0;1;0;0;0;0;4;115;39;14;0;1;53;18;13;0;0;4;0;13;0;0;0;2;68;31;2;8;7;81;20;23;42;64;4;0;33;29;41;64;1;0;4;29;;
2014;10;1/10/2014;170;37;0;0;0;0;0;0;0;0;0;0;0;8;26;36;24;23;12;16;13;15;8;9;4;6;2;2;2;1;0;0;0;0;0;8;137;45;17;0;1;56;37;22;4;0;0;2;7;0;0;0;9;69;42;6;4;3;90;37;25;47;95;6;1;31;27;47;95;0;1;6;27;;
2014;11;1/11/2014;147;35;0;0;0;0;0;0;0;0;0;0;0;5;29;31;28;15;8;13;11;6;7;6;7;5;4;3;3;1;0;0;0;0;0;5;124;30;23;0;0;37;29;27;0;0;1;2;3;1;0;0;7;75;32;4;9;5;93;17;22;49;57;6;2;45;23;49;57;0;2;6;23;;
2014;12;1/12/2014;165;26;0;0;0;0;0;0;0;0;0;0;0;9;18;30;30;16;19;14;12;4;8;9;6;6;3;2;3;0;0;0;2;0;0;9;127;33;20;2;0;64;33;17;1;1;1;2;4;0;0;0;7;61;42;9;8;3;83;25;21;46;78;3;0;38;26;46;78;0;0;3;26;;
2015;1;1/01/2015;167;33;0;0;0;0;0;0;0;0;0;0;0;7;21;31;23;19;17;20;15;6;9;8;9;4;4;6;1;0;0;0;0;0;0;7;131;38;24;0;1;55;22;35;1;0;2;1;5;0;0;0;10;68;40;7;4;3;89;29;28;55;80;11;0;31;23;54;80;0;0;11;24;;
2015;2;1/02/2015;126;45;0;0;0;0;0;0;0;0;0;0;0;3;24;23;14;16;9;15;11;14;11;8;5;5;4;2;5;0;0;0;2;0;0;3;101;44;21;2;1;42;21;28;0;1;2;2;7;0;0;0;4;63;25;2;11;8;71;31;23;47;68;6;0;21;29;47;68;0;0;6;29;;
2015;3;1/03/2015;175;47;0;0;0;0;0;0;0;0;0;0;1;9;30;33;24;22;22;7;14;19;13;10;3;8;1;3;2;0;0;0;1;0;0;10;138;56;17;1;1;51;40;36;1;0;0;0;11;0;1;0;11;70;63;8;9;3;95;27;17;59;94;8;1;37;23;58;94;0;1;8;24;;
2015;4;1/04/2015;167;46;0;0;0;0;0;0;0;0;0;0;0;7;38;31;21;15;20;16;12;11;10;6;12;7;1;5;0;1;0;0;0;0;0;7;141;39;26;0;0;42;50;28;3;0;1;1;6;0;0;0;5;77;41;4;14;4;96;25;29;49;84;4;2;34;40;49;84;0;2;4;40;;
2015;5;1/05/2015;141;42;0;0;0;0;0;0;0;0;0;0;0;4;24;29;24;14;9;8;19;15;10;7;11;7;1;1;0;0;0;0;0;0;0;4;108;51;20;0;0;56;28;31;1;1;4;1;6;1;0;0;9;45;47;5;10;3;70;33;15;52;68;7;1;37;18;52;68;0;1;7;18;;
2015;6;1/06/2015;160;41;0;0;0;0;0;0;0;0;0;0;0;11;16;32;24;24;17;11;17;7;11;10;7;4;0;3;3;1;0;0;3;0;0;11;124;45;18;3;0;56;28;17;0;0;2;1;12;0;0;0;6;79;30;7;11;9;82;36;26;45;92;6;1;33;24;45;92;0;1;6;24;;
2015;7;1/07/2015;140;39;0;0;0;0;0;0;0;0;0;0;0;7;20;24;20;20;14;8;18;8;8;8;7;7;2;3;1;1;1;0;2;0;0;7;106;42;22;2;0;39;20;33;3;2;5;1;5;0;0;0;9;62;30;10;12;5;72;24;26;47;83;8;0;19;22;47;83;0;0;8;22;;
2015;8;1/08/2015;185;45;0;0;0;0;0;0;0;0;0;1;0;7;40;24;30;16;19;10;25;10;11;6;11;7;3;2;6;0;0;0;2;0;1;7;139;52;29;2;0;64;34;36;0;0;2;2;11;0;0;0;15;66;43;7;14;5;104;29;28;59;106;6;1;38;20;59;106;0;1;6;20;;
2015;9;1/09/2015;152;41;0;0;0;0;0;0;0;0;0;0;0;11;31;16;25;23;14;13;10;18;9;8;4;3;3;4;1;0;0;0;0;0;0;11;122;45;15;0;0;47;44;29;0;0;3;2;7;0;0;0;4;57;45;5;9;3;75;31;25;53;81;4;2;27;26;53;81;0;2;4;26;;
2015;10;1/10/2015;166;27;0;0;0;0;0;0;0;0;0;0;0;5;23;33;23;15;15;14;10;15;12;7;7;4;3;3;1;0;0;0;3;0;0;5;123;44;18;3;1;50;31;25;3;0;1;1;7;1;0;0;5;68;41;5;13;6;77;26;25;45;78;7;0;32;31;45;78;0;0;7;31;;
2015;11;1/11/2015;146;37;0;0;0;0;0;0;0;0;0;0;0;5;24;30;25;19;23;11;10;14;6;6;2;3;2;2;0;0;0;0;1;0;0;5;132;36;9;1;0;49;24;33;2;0;0;3;10;0;0;0;3;59;34;10;9;4;85;19;22;49;86;5;0;26;17;47;86;1;0;5;18;;
2015;12;1/12/2015;138;42;0;0;0;0;0;0;0;0;0;0;0;6;27;25;23;11;7;12;9;18;14;5;8;4;4;4;2;0;0;0;1;0;0;6;105;46;22;1;0;58;30;24;1;0;2;1;7;1;1;0;3;52;43;7;6;7;67;23;27;58;75;2;1;25;19;57;75;1;1;2;19;;
2016;1;1/01/2016;174;30;0;0;0;0;0;0;0;0;0;0;0;9;21;28;20;12;19;22;12;8;13;12;14;3;3;5;1;1;1;0;0;0;0;9;122;45;28;0;1;48;24;33;3;0;2;3;11;0;0;0;1;78;50;6;12;6;75;32;23;56;98;10;3;23;14;55;98;0;3;10;15;;
2016;2;1/02/2016;161;48;0;0;0;0;0;0;0;0;0;0;0;5;27;38;27;20;14;15;15;10;9;6;7;4;6;5;1;0;0;0;0;0;0;5;141;40;23;0;0;55;35;41;6;3;4;1;6;1;0;0;6;51;47;4;9;5;97;25;22;64;84;7;1;33;20;64;84;0;1;7;20;;
2016;3;1/03/2016;163;35;0;0;0;0;0;0;0;0;0;0;0;5;27;25;30;23;15;12;13;10;5;11;9;5;4;2;1;0;0;0;1;0;0;5;132;39;21;1;0;45;41;21;1;1;1;3;5;0;2;0;7;71;42;6;6;3;85;29;27;62;82;4;0;24;26;62;82;0;0;4;26;;
2016;4;1/04/2016;161;27;0;0;0;0;0;0;0;0;0;0;0;2;33;25;22;20;14;13;12;8;14;9;5;5;1;4;1;0;0;0;0;0;0;2;127;43;16;0;0;52;29;25;1;0;2;1;8;1;1;0;5;63;43;9;11;6;73;25;21;52;77;5;1;31;22;52;77;0;1;5;22;;
2016;5;1/05/2016;163;35;0;0;0;0;0;0;0;0;0;0;0;6;31;23;20;19;11;16;14;17;12;13;6;5;2;2;0;1;0;0;0;0;0;6;120;56;16;0;0;41;30;33;0;0;5;2;14;0;0;0;3;70;30;3;9;5;89;35;27;50;78;8;2;30;30;49;78;1;2;8;30;;
2016;6;1/06/2016;171;41;0;0;0;0;0;0;0;0;0;0;1;12;29;31;25;22;14;13;19;11;4;5;5;6;6;4;3;1;0;0;1;0;0;13;134;39;25;1;0;49;33;28;2;0;4;1;10;0;0;0;4;81;34;8;10;1;100;30;29;72;77;3;0;32;28;72;77;0;0;3;28;;
2016;7;1/07/2016;175;39;0;0;0;0;0;0;0;0;0;0;0;9;25;36;18;17;19;15;11;13;13;15;7;2;6;6;2;0;0;0;0;0;0;9;130;52;23;0;1;47;29;30;0;0;0;5;3;0;0;0;9;90;30;11;9;4;89;34;37;57;89;8;0;27;33;57;89;0;0;8;33;;
2016;8;1/08/2016;183;45;0;0;0;0;0;0;0;0;0;0;0;14;45;22;23;18;19;9;17;18;11;10;6;5;4;4;2;0;0;0;1;0;0;14;136;56;21;1;1;53;44;26;1;0;2;1;6;2;0;0;7;85;42;5;12;2;105;20;42;42;116;4;1;33;32;42;116;0;1;4;32;;
2016;9;1/09/2016;152;40;0;0;0;0;0;0;0;0;0;0;0;8;22;23;27;21;20;13;14;14;8;11;4;4;2;1;0;0;0;0;0;0;0;8;126;47;11;0;1;51;22;30;3;0;3;2;11;1;0;0;7;61;35;12;11;3;78;29;24;50;95;3;0;21;23;49;95;0;0;3;24;;
2016;10;1/10/2016;196;34;0;0;0;0;0;0;0;0;0;0;0;6;20;41;30;27;16;16;17;13;13;9;10;4;4;0;1;2;0;0;1;0;0;6;150;52;21;1;0;59;33;38;2;0;4;4;6;0;0;0;10;74;45;6;12;5;102;30;30;57;109;2;0;39;23;57;109;0;0;2;23;;
2016;11;1/11/2016;146;41;0;0;0;0;0;0;0;0;0;0;0;8;28;28;23;15;15;17;13;10;8;4;3;6;5;3;0;0;0;0;1;0;0;8;126;35;17;1;1;36;32;26;3;0;2;4;8;0;0;0;8;67;38;6;3;4;89;19;28;59;81;3;0;20;24;59;81;0;0;3;24;;
2016;12;1/12/2016;187;33;0;0;0;0;0;0;0;0;0;0;0;8;23;40;23;25;15;18;11;16;15;6;13;3;0;1;1;1;0;0;1;0;0;8;144;48;19;1;1;49;41;41;2;1;5;2;12;0;0;0;6;60;43;6;11;6;107;25;22;48;111;11;1;28;21;48;111;0;1;11;21;;
2017;1;1/01/2017;174;48;0;0;0;0;0;0;0;0;0;0;0;14;21;29;26;25;11;13;20;19;10;7;12;6;6;2;1;0;0;0;0;0;0;14;125;56;27;0;0;27;16;9;2;0;1;0;2;0;0;0;4;161;38;6;15;8;103;22;30;56;106;1;0;15;44;55;106;1;0;1;44;;
2017;2;1/02/2017;157;36;0;0;0;0;0;0;0;0;0;0;0;14;19;25;29;22;17;15;8;13;10;6;4;1;5;4;0;1;0;0;0;0;0;14;127;37;15;0;0;44;17;20;3;0;1;0;4;0;0;0;4;100;47;3;8;4;80;24;27;55;91;3;0;15;29;55;91;0;0;3;29;;
2017;3;1/03/2017;153;36;0;0;0;0;0;0;0;0;0;0;1;8;29;37;26;7;12;17;6;12;8;6;7;2;7;2;1;1;0;0;0;0;0;9;128;32;20;0;0;52;27;40;4;0;4;1;9;0;0;0;8;44;35;5;7;4;86;23;29;59;86;7;0;11;26;59;86;0;0;7;26;;
2017;4;1/04/2017;188;50;0;0;0;0;0;0;0;0;0;0;0;11;29;34;26;18;26;16;11;14;13;10;9;7;4;6;3;1;0;0;0;0;0;11;149;48;30;0;0;66;41;52;2;0;3;0;15;0;0;0;12;47;57;6;10;3;106;29;27;56;53;0;0;15;114;56;53;0;0;0;114;;
2017;5;1/05/2017;212;55;0;0;0;0;0;0;0;0;0;0;0;8;34;49;28;23;13;29;17;12;9;15;10;9;6;3;2;0;0;0;0;0;0;8;176;53;30;0;1;82;39;69;0;0;7;1;11;0;0;0;14;43;57;3;17;3;116;38;33;48;85;2;0;7;125;48;85;0;0;2;125;;
2017;6;1/06/2017;184;45;0;0;0;0;0;0;0;0;0;0;0;11;28;36;23;19;20;15;11;16;17;10;6;4;6;3;3;0;0;1;0;0;0;11;141;54;23;0;1;55;45;47;0;1;6;0;15;1;0;0;10;48;39;2;17;4;104;29;34;38;60;1;0;10;120;37;60;1;0;1;120;;
2017;7;1/07/2017;205;41;0;0;0;0;0;0;0;0;0;0;0;4;34;32;28;25;25;17;18;20;19;7;10;3;3;1;0;0;0;0;0;0;0;4;161;64;17;0;1;50;41;51;0;1;5;0;16;1;0;0;9;71;62;2;13;3;102;25;39;45;80;0;1;10;110;45;80;0;1;0;110;;
2017;8;1/08/2017;194;34;0;0;0;0;0;0;0;0;0;0;1;4;26;39;28;21;20;11;20;13;6;11;12;7;5;2;2;0;0;0;0;0;0;5;145;50;28;0;0;46;31;45;0;0;6;0;17;1;0;0;6;76;47;4;11;4;105;33;24;36;66;0;0;11;115;36;66;0;0;0;115;;
2017;9;1/09/2017;157;32;0;0;0;0;0;0;0;0;0;0;0;8;18;26;26;18;22;8;13;13;13;7;6;2;4;3;2;0;0;0;0;0;0;8;118;46;17;0;0;41;24;25;2;0;7;0;13;0;0;0;5;72;40;3;11;2;88;30;15;37;48;1;0;15;88;37;48;0;0;1;88;;
2017;10;1/10/2017;202;40;0;0;0;0;0;0;0;0;0;0;0;10;34;36;24;25;20;12;24;15;10;9;7;6;3;3;3;1;0;0;0;0;0;10;151;58;23;0;0;54;44;50;0;1;4;1;12;3;0;0;13;60;62;2;8;4;109;27;30;30;69;1;0;11;131;30;69;0;0;1;131;;
2017;11;1/11/2017;185;53;0;0;0;0;0;0;0;0;0;0;1;7;31;40;26;23;23;13;8;14;19;9;12;7;4;1;0;0;0;0;0;0;0;8;156;50;24;0;0;60;34;50;0;0;9;1;15;1;0;0;5;63;45;0;9;5;108;31;40;38;65;0;0;10;125;38;65;0;0;0;125;;
2017;12;1/12/2017;193;38;0;0;0;0;0;0;0;0;0;0;0;8;24;26;37;29;23;10;20;14;11;8;9;6;1;3;0;2;0;0;0;0;0;8;149;53;21;0;0;52;40;57;1;1;3;0;12;2;0;0;5;58;59;2;16;3;95;27;29;44;54;1;0;6;126;44;54;0;0;1;126;;
2018;1;1/01/2018;204;49;0;0;0;0;0;0;0;0;0;0;0;11;29;44;26;21;25;7;13;18;10;11;13;13;6;5;1;0;0;0;0;0;0;11;152;52;38;0;0;83;33;51;0;0;7;0;21;2;0;1;8;47;54;2;7;4;111;40;35;44;76;1;0;4;128;14;38;0;0;1;196;;
2018;2;1/02/2018;153;32;0;0;0;0;0;0;0;0;0;0;0;10;31;24;22;19;15;16;11;3;10;7;8;4;3;1;1;0;0;0;0;0;0;10;127;31;17;0;0;58;32;38;0;0;8;0;15;0;1;0;7;26;37;0;4;4;93;29;18;31;46;0;0;3;105;9;25;0;0;0;148;;
2018;3;1/03/2018;198;40;0;0;0;0;0;0;0;0;0;0;0;9;28;37;22;27;18;13;13;20;18;9;6;6;6;1;4;1;0;0;0;0;0;9;145;60;24;0;0;63;46;56;1;1;5;0;10;0;0;0;11;45;51;4;7;3;121;27;25;37;69;1;0;0;131;13;34;0;0;1;190;;
2018;4;1/04/2018;198;46;0;0;0;0;0;0;0;0;0;0;0;9;26;30;31;26;23;11;16;13;15;14;10;6;9;2;1;2;0;0;0;0;0;9;147;58;30;0;0;79;35;63;1;0;3;0;15;1;0;0;9;38;56;3;15;5;110;31;24;41;61;2;0;8;132;7;29;0;0;2;198;;
2018;5;1/05/2018;201;52;0;0;0;0;0;0;0;0;0;0;0;8;30;46;28;27;15;18;14;11;16;17;7;7;4;2;2;1;0;0;0;0;0;8;164;58;23;0;2;66;37;64;0;0;6;0;22;0;0;0;9;47;59;2;13;3;118;25;33;47;69;1;0;6;130;11;35;0;0;1;200;;
2018;6;1/06/2018;192;45;0;0;0;0;0;0;0;0;0;0;0;15;30;30;33;19;21;15;15;8;16;13;9;2;6;3;2;0;0;0;0;0;0;15;148;52;22;0;0;77;41;57;0;0;3;1;18;0;0;0;9;31;53;1;9;5;128;23;18;41;70;0;0;2;124;13;28;0;0;0;194;;
2018;7;1/07/2018;216;32;0;0;0;0;0;0;0;0;0;0;0;9;37;44;25;20;12;11;15;12;16;13;14;9;8;1;2;0;0;0;0;0;0;9;149;56;34;0;0;77;44;69;0;0;6;0;21;0;1;0;5;25;56;0;8;4;133;33;14;47;70;0;0;3;128;18;25;0;0;0;202;;
2018;8;1/08/2018;190;50;0;0;0;0;0;0;0;0;0;0;0;11;37;32;19;19;18;17;23;21;13;8;9;5;5;2;1;0;0;0;0;0;0;11;142;65;22;0;0;68;44;65;2;0;8;0;15;0;0;0;6;32;60;0;17;2;115;28;18;57;74;3;0;1;105;19;38;0;0;3;179;;
2018;9;1/09/2018;198;35;0;0;0;0;0;0;0;0;0;0;0;9;26;30;37;18;23;12;18;14;12;9;8;8;3;4;2;0;0;0;0;0;0;9;146;53;25;0;0;67;38;68;0;0;8;0;19;0;0;0;8;25;53;3;8;1;123;29;16;94;104;0;0;2;33;89;97;0;0;0;45;;
2018;10;1/10/2018;203;48;0;0;0;0;0;0;0;0;0;0;0;8;31;29;26;27;23;20;19;14;19;11;11;6;1;4;2;0;0;0;0;0;0;8;156;63;24;0;0;72;42;70;0;0;11;1;21;1;0;0;9;24;58;1;14;8;112;38;20;47;58;0;0;1;145;6;23;0;0;0;221;;
2018;11;1/11/2018;197;42;0;0;0;0;0;0;0;0;0;0;0;7;25;41;17;25;28;11;19;14;11;14;12;7;5;0;1;2;0;0;0;0;0;7;147;58;27;0;1;70;39;62;2;0;11;0;25;0;0;0;5;24;54;2;14;4;112;36;17;40;74;0;0;2;123;9;24;0;0;0;204;;
2018;12;1/12/2018;207;44;0;0;0;0;0;0;0;0;0;0;1;8;19;31;31;25;25;19;17;23;15;11;8;5;4;3;4;2;0;0;0;0;0;9;150;66;26;0;0;92;39;58;0;0;5;0;17;0;0;1;16;23;57;4;12;5;108;41;24;38;78;1;0;4;130;8;27;0;0;1;211;;
2019;1;1/01/2019;199;47;0;0;0;0;0;0;0;0;0;0;0;9;33;28;29;21;23;18;14;17;16;13;8;4;8;3;2;0;0;0;0;0;0;9;152;60;25;0;1;89;29;71;1;0;11;0;13;2;0;0;14;15;58;2;12;7;116;33;18;98;136;1;0;2;9;97;134;0;0;1;12;;
2019;2;1/02/2019;152;58;0;0;0;0;0;0;0;0;0;0;0;11;27;30;21;25;10;16;18;14;10;11;5;6;4;1;1;0;0;0;0;0;0;11;129;53;17;0;0;53;42;63;0;0;10;0;18;0;0;0;5;19;52;1;12;4;92;28;21;103;96;1;0;2;8;103;95;0;0;1;9;;
2019;3;1/03/2019;194;62;0;0;0;0;0;0;0;0;0;0;1;5;45;42;23;21;19;15;11;13;19;15;12;4;2;5;2;2;0;0;0;0;0;6;165;58;27;0;0;69;38;84;0;0;12;0;21;0;0;0;13;19;56;0;8;9;136;28;19;109;126;0;0;1;20;108;125;0;0;0;22;;
2019;4;1/04/2019;199;39;0;0;0;0;0;0;0;0;0;0;0;12;33;42;23;23;20;11;10;14;17;11;13;5;2;1;1;0;0;0;0;0;0;12;152;52;22;0;0;66;47;60;0;0;7;2;21;0;0;0;9;26;52;0;9;4;112;33;28;98;130;0;0;2;8;96;129;1;0;0;10;;
2019;5;1/05/2019;194;50;0;0;0;0;0;0;0;0;0;0;0;12;31;27;28;21;20;28;14;15;10;11;13;9;2;3;0;0;0;0;0;0;0;12;155;50;27;0;0;63;50;65;0;0;10;0;21;0;1;1;5;28;51;2;5;3;124;36;23;107;119;0;0;3;15;106;118;0;0;0;17;;
2019;6;1/06/2019;204;47;0;0;0;0;0;0;0;0;0;0;0;8;31;35;31;21;17;20;22;18;16;12;9;6;3;1;0;1;0;0;0;0;0;8;155;68;20;0;0;73;31;71;1;0;10;0;19;1;0;1;6;38;67;2;14;6;101;28;33;92;141;0;0;2;16;91;139;0;0;0;19;;
2019;7;1/07/2019;201;46;0;0;0;0;0;0;0;0;0;0;0;10;28;32;28;23;16;17;19;18;10;16;14;6;5;3;0;2;0;0;0;0;0;10;144;63;30;0;1;81;41;67;0;0;11;0;19;0;0;0;7;20;48;1;14;8;116;40;20;105;123;1;0;2;16;105;123;0;0;1;16;;
2019;8;1/08/2019;215;45;0;0;0;0;0;0;0;0;0;0;2;14;26;36;41;23;20;16;11;18;15;14;8;6;5;1;3;1;0;0;0;0;0;16;162;58;24;0;1;71;46;79;0;0;12;0;18;0;0;0;9;24;56;1;11;2;126;37;27;116;127;0;0;1;16;115;127;1;0;0;16;;
2019;9;1/09/2019;199;50;0;0;0;0;0;0;0;0;0;0;0;10;34;41;27;15;20;25;12;15;9;12;7;7;5;6;3;1;0;0;0;0;0;10;162;48;29;0;2;79;43;76;0;0;7;1;13;1;0;0;6;21;54;1;13;10;125;24;22;102;132;1;0;1;13;102;132;0;0;1;13;;
2019;10;1/10/2019;192;49;0;0;0;0;0;0;0;0;0;0;0;13;23;30;29;21;20;16;18;23;9;16;7;7;4;2;2;1;0;0;0;0;0;13;139;66;23;0;1;70;44;71;1;0;5;1;20;2;0;0;7;19;47;2;14;7;112;41;18;103;117;1;0;3;17;103;117;0;0;1;17;;
2019;11;1/11/2019;174;53;0;0;0;0;0;0;0;0;0;0;1;13;30;36;25;20;19;13;14;11;18;7;4;6;6;2;2;0;0;0;0;0;0;14;143;50;20;0;0;67;42;63;0;0;15;0;17;0;0;0;6;17;49;0;7;4;123;27;17;103;112;1;0;2;9;103;112;0;0;1;9;;
2019;12;1/12/2019;219;42;0;0;0;0;0;0;0;0;0;0;0;14;27;38;35;24;19;22;20;15;16;10;8;5;6;1;1;0;0;0;0;0;0;14;165;61;21;0;0;74;52;69;0;0;12;0;23;0;1;1;11;18;67;0;11;5;127;34;17;109;126;0;0;2;24;109;126;0;0;0;24;;
2020;1;1/01/2020;195;43;0;0;0;0;0;0;0;0;0;0;0;10;26;24;21;25;23;17;16;16;17;14;11;5;7;4;2;0;0;0;0;0;0;10;136;63;29;0;0;81;36;54;1;0;16;0;16;1;0;1;11;21;52;1;11;5;113;41;15;99;125;0;0;2;12;99;125;0;0;0;12;;
2020;2;1/02/2020;187;49;0;0;0;0;0;0;0;0;0;0;2;7;33;41;25;24;20;13;9;11;12;8;12;6;6;2;5;0;0;0;0;0;0;9;156;40;31;0;0;58;42;68;1;0;6;0;22;1;1;0;9;28;51;1;13;5;114;27;25;88;124;1;0;5;18;88;124;0;0;1;18;;
2020;3;1/03/2020;193;36;0;0;0;0;0;0;0;0;0;0;0;8;31;37;23;16;12;18;12;15;14;7;14;8;9;3;2;0;0;0;0;0;0;8;137;48;36;0;0;65;39;57;0;0;10;0;22;1;0;0;9;26;49;2;10;2;104;34;28;86;131;1;0;1;10;86;131;0;0;1;10;;
2020;4;1/04/2020;145;37;0;0;0;0;0;0;0;0;0;0;3;6;34;27;19;13;14;9;10;10;8;6;9;5;2;3;3;1;0;0;0;0;0;9;116;34;23;0;0;46;37;50;0;0;5;0;11;1;0;0;5;27;32;4;14;4;87;21;20;74;95;0;0;3;10;74;95;0;0;0;10;;
2020;5;1/05/2020;178;50;0;0;0;0;0;0;0;0;0;0;0;11;20;40;26;26;8;14;8;14;17;9;13;11;3;4;2;2;0;0;0;0;0;11;134;48;35;0;1;70;36;62;0;0;7;0;14;0;1;2;12;23;44;1;12;5;116;32;18;85;123;0;0;3;17;85;123;0;0;0;17;;
2020;6;1/06/2020;191;34;0;0;0;0;0;0;0;0;0;0;0;8;20;25;32;15;27;10;11;13;17;17;11;8;5;5;1;0;0;0;0;0;0;8;129;58;30;0;0;72;29;59;2;0;8;0;16;0;2;0;13;24;48;1;8;5;107;36;20;92;116;0;0;2;15;92;116;0;0;0;15;;
2020;7;1/07/2020;174;46;0;0;0;0;0;0;0;0;0;0;0;12;23;31;33;17;17;9;13;23;11;5;8;8;3;4;3;0;0;0;0;0;0;12;130;52;26;0;0;58;46;68;1;0;10;0;16;1;0;0;6;14;44;0;14;2;121;27;12;101;102;1;0;2;14;101;102;0;0;1;14;;
2020;8;1/08/2020;188;58;0;0;0;0;0;0;0;0;0;0;2;17;40;33;21;21;14;17;15;9;14;12;12;12;5;1;1;0;0;0;0;0;0;19;146;50;31;0;0;86;42;64;0;0;9;0;14;0;0;0;2;29;47;0;11;7;126;25;30;89;147;0;0;1;9;88;147;0;0;0;10;;
2020;9;1/09/2020;166;48;0;0;0;0;0;0;0;0;0;0;0;7;21;32;27;15;19;20;13;9;15;7;10;10;4;3;1;1;0;0;0;0;0;7;134;44;29;0;0;68;22;61;0;0;9;1;22;0;0;0;12;19;53;0;9;8;106;23;15;79;128;1;0;1;5;79;128;0;0;1;5;;
2020;10;1/10/2020;186;36;0;0;0;0;0;0;0;0;0;0;0;11;21;38;20;16;20;12;13;11;14;15;15;6;6;2;2;0;0;0;0;0;0;11;127;53;31;0;0;68;40;54;1;0;8;0;24;0;0;0;12;15;46;1;16;5;120;24;10;79;133;0;0;1;9;79;133;0;0;0;9;;
2020;11;1/11/2020;211;47;0;0;0;0;0;0;0;0;0;0;0;11;34;36;29;23;22;22;18;18;14;11;6;4;7;2;0;1;0;0;0;0;0;11;166;61;20;0;1;64;42;78;0;0;13;0;18;1;1;0;9;31;58;3;9;8;131;26;23;104;137;0;0;2;15;104;137;0;0;0;15;;
2020;12;1/12/2020;201;50;0;0;0;0;0;0;0;0;0;0;0;13;30;47;30;21;21;13;15;9;18;10;7;7;6;2;1;1;0;0;0;0;0;13;162;52;24;0;0;59;41;79;1;0;7;0;18;0;0;1;12;33;59;1;10;4;118;33;26;101;138;0;0;2;10;100;138;0;0;0;11;;
2021;1;1/01/2021;220;52;0;0;0;0;0;0;0;0;0;0;0;10;33;50;27;27;25;20;9;16;12;19;7;5;9;1;1;0;1;0;0;0;0;10;182;56;24;0;1;80;45;87;1;0;5;0;16;0;0;0;8;29;68;1;10;4;135;21;33;93;157;0;0;1;21;93;157;0;0;0;21;;
2021;2;1/02/2021;191;45;0;0;0;0;0;0;0;0;0;0;0;10;29;27;31;24;16;16;14;13;12;18;8;9;5;1;2;1;0;0;0;0;0;10;143;57;26;0;0;70;38;60;0;0;12;0;21;3;1;0;6;25;60;1;11;3;108;28;25;103;120;0;0;1;12;103;120;0;0;0;12;;
2021;3;1/03/2021;212;44;0;0;0;0;0;0;0;0;0;0;0;14;35;37;39;19;19;9;17;11;11;13;13;9;4;5;1;0;0;0;0;0;0;14;158;52;32;0;0;69;53;66;1;0;10;0;25;0;0;1;7;24;55;2;16;5;128;28;22;106;138;0;0;1;11;106;138;0;0;0;11;;
2021;4;1/04/2021;211;54;0;0;0;0;0;0;0;0;0;0;1;16;24;38;30;29;19;16;13;12;18;13;14;11;3;3;3;2;0;0;0;0;0;17;156;56;36;0;0;74;34;88;0;0;8;0;24;0;0;1;9;27;49;1;17;7;135;28;28;109;145;0;0;2;9;109;145;0;0;0;9;;
2021;5;1/05/2021;205;54;0;0;0;0;0;0;0;0;0;0;0;13;27;40;26;14;17;22;12;20;20;15;10;6;8;8;1;0;0;0;0;0;0;13;146;67;33;0;0;75;37;68;0;0;16;0;26;0;0;0;12;25;55;2;13;7;126;34;22;110;127;1;0;4;17;110;127;0;0;1;17;;
2021;6;1/06/2021;181;53;0;0;0;0;0;0;0;0;0;0;0;12;25;28;22;28;18;16;11;12;23;13;10;7;4;4;1;0;0;0;0;0;0;12;137;59;26;0;0;64;36;56;0;0;12;0;25;1;0;0;9;31;44;2;8;8;114;34;24;98;128;0;0;1;7;98;128;0;0;0;7;;
2021;7;1/07/2021;212;53;0;0;0;0;0;0;0;0;0;0;1;11;34;31;28;26;22;15;15;14;9;17;19;8;7;4;3;0;1;0;0;0;0;12;156;55;42;0;0;61;44;88;0;0;12;0;24;1;1;0;10;24;52;0;9;10;133;38;23;120;125;2;0;0;18;120;125;0;0;2;18;;
2021;8;1/08/2021;201;40;0;0;0;0;0;0;0;0;0;0;1;10;24;34;30;19;23;14;15;12;18;14;11;4;5;3;3;1;0;0;0;0;0;11;144;59;27;0;0;64;39;71;0;0;9;0;23;0;1;0;4;30;46;1;8;6;131;28;21;103;111;3;0;1;23;103;111;0;0;3;23;;
2021;9;1/09/2021;193;41;0;0;0;0;0;0;0;0;0;0;2;9;29;30;31;21;14;12;16;19;10;13;9;7;3;4;4;1;0;0;0;0;0;11;137;58;28;0;0;63;30;71;0;0;14;0;23;1;2;0;5;25;41;2;18;8;109;32;24;97;122;1;1;0;13;97;122;0;1;1;13;;
2021;10;1/10/2021;213;47;0;0;0;0;0;0;0;0;0;0;0;12;27;36;26;20;22;14;28;17;15;10;11;8;8;4;1;1;0;0;0;0;0;12;145;70;33;0;0;76;39;79;0;0;7;0;23;0;1;0;11;24;56;1;13;6;130;28;26;103;142;0;1;3;11;103;142;0;1;0;11;;
2021;11;1/11/2021;211;51;0;0;0;0;0;0;0;0;0;0;0;11;33;34;38;29;17;16;13;17;13;10;11;13;5;0;2;0;0;0;0;0;0;11;167;53;31;0;0;63;42;92;1;0;6;0;17;0;0;2;15;24;55;1;13;7;135;33;18;102;142;1;0;1;16;102;142;0;0;1;16;;
2021;12;1/12/2021;216;49;0;0;0;0;0;0;0;0;0;0;1;6;30;38;36;27;25;15;8;11;12;13;16;10;9;6;1;1;0;0;0;0;0;7;171;44;43;0;1;75;39;83;0;0;13;0;16;0;0;0;10;28;60;3;8;3;129;37;25;114;135;0;0;1;15;114;135;0;0;0;15;;
2022;1;1/01/2022;187;48;0;0;0;0;0;0;0;0;0;0;0;6;25;37;28;15;24;18;14;12;12;9;11;10;3;7;2;2;0;0;0;0;0;6;147;47;35;0;0;56;35;68;0;0;17;0;21;0;0;1;14;23;51;2;11;1;119;25;26;103;118;0;0;0;14;103;118;0;0;0;14;;
2022;2;1/02/2022;196;46;0;0;0;0;0;0;0;0;0;0;0;8;34;39;31;18;21;22;8;10;11;13;7;8;2;5;4;1;0;0;0;0;0;8;165;42;27;0;0;65;34;71;0;0;11;0;23;1;1;0;8;28;58;2;9;8;127;22;16;103;123;0;0;2;14;103;123;0;0;0;14;;
2022;3;1/03/2022;214;51;0;0;0;0;0;0;0;0;0;0;0;13;31;44;32;32;25;11;10;4;19;14;9;7;9;4;1;0;0;0;0;0;0;13;175;47;30;0;0;69;39;82;0;0;12;0;26;3;1;0;7;26;51;1;11;5;139;28;30;102;147;0;0;1;15;102;147;0;0;0;15;;
2022;4;1/04/2022;192;51;0;0;0;0;0;0;0;0;0;0;0;3;45;28;37;21;15;18;12;8;10;18;9;10;2;2;3;2;0;0;0;0;0;3;164;48;28;0;1;65;41;77;0;0;15;0;15;1;0;0;4;24;63;1;5;5;122;25;22;106;125;0;0;2;10;106;125;0;0;0;10;;
2022;5;1/05/2022;229;67;0;0;0;0;0;0;0;0;0;0;1;17;48;51;29;15;22;18;15;14;25;14;10;9;4;2;2;0;0;0;0;0;0;18;183;68;27;0;0;74;52;96;1;0;10;0;24;0;1;0;10;28;51;1;10;1;169;36;28;124;158;0;0;0;14;124;158;0;0;0;14;;
2022;6;1/06/2022;178;54;0;0;0;0;0;0;0;0;0;0;1;11;33;34;29;15;20;12;12;9;20;4;7;11;8;5;1;0;0;0;0;0;0;12;143;45;32;0;0;72;35;65;0;0;10;0;26;0;0;0;7;17;58;1;10;4;116;26;17;98;120;0;0;1;13;98;120;0;0;0;13;;
2022;7;1/07/2022;205;47;0;0;0;0;0;0;0;0;0;0;1;11;30;43;37;24;18;16;10;13;10;14;7;8;6;4;0;0;0;0;0;0;0;12;168;47;25;0;0;64;39;83;0;0;8;0;22;0;0;0;13;23;45;3;12;2;87;24;79;106;125;0;0;2;19;106;125;0;0;0;19;;
2022;8;1/08/2022;251;64;0;0;0;0;0;0;0;0;0;0;0;18;36;45;40;26;21;17;27;20;18;15;14;10;4;2;1;1;0;0;0;0;0;18;185;80;32;0;0;83;46;95;2;0;12;0;36;0;0;2;8;31;31;2;6;4;88;21;163;133;165;0;0;0;17;133;165;0;0;0;17;;
2022;9;1/09/2022;198;49;0;0;0;0;0;0;0;0;0;0;0;9;34;28;30;20;25;14;22;11;17;12;6;8;5;3;3;0;0;0;0;0;0;9;151;62;25;0;0;64;38;79;0;0;13;0;25;0;1;0;6;21;47;1;6;1;104;26;62;109;115;0;0;0;23;109;115;0;0;0;23;;
2022;10;1/10/2022;214;56;0;0;0;0;0;0;0;0;0;0;0;12;34;34;33;25;23;21;18;15;9;13;10;9;9;5;0;0;0;0;0;0;0;12;170;55;33;0;0;75;46;54;0;0;25;0;30;0;1;2;8;29;56;1;11;5;134;36;27;112;148;0;0;0;10;112;148;0;0;0;10;;
2022;11;1/11/2022;210;56;0;0;0;0;0;0;0;0;0;0;0;16;32;41;27;17;15;20;19;19;16;11;10;9;6;5;3;0;0;0;0;0;0;16;152;65;33;0;0;71;45;78;0;0;10;0;21;0;1;0;5;35;64;0;9;3;116;46;28;109;140;0;0;0;17;109;140;0;0;0;17;;
2022;12;1/12/2022;200;55;0;0;0;0;0;0;0;0;0;0;0;7;25;28;26;31;18;15;16;17;17;16;8;16;2;8;3;2;0;0;0;0;0;7;143;66;39;0;0;69;39;71;0;0;16;0;16;1;1;1;8;33;62;0;16;7;112;28;30;114;131;0;0;1;9;114;131;0;0;0;9;;
